gender,city,age,education,profession,annual_income
[ANY-GENDER],[Italy],[56-77],[ANY-EDUCATION],[ANY-JOB],95203
[ANY-GENDER],[Italy],[56-77],[ANY-EDUCATION],[ANY-JOB],42766
[ANY-GENDER],[Italy],[56-77],[ANY-EDUCATION],[ANY-JOB],77202
[ANY-GENDER],[Italy],[56-77],[ANY-EDUCATION],[ANY-JOB],82107
[ANY-GENDER],[Italy],[56-77],[ANY-EDUCATION],[ANY-JOB],36336
[ANY-GENDER],[Italy],[46-54],[ANY-EDUCATION],[ANY-JOB],46005
[ANY-GENDER],[Italy],[46-54],[ANY-EDUCATION],[ANY-JOB],39648
[ANY-GENDER],[Italy],[46-54],[ANY-EDUCATION],[ANY-JOB],25628
[ANY-GENDER],[Italy],[46-54],[ANY-EDUCATION],[ANY-JOB],23335
[ANY-GENDER],[Italy],[46-54],[ANY-EDUCATION],[ANY-JOB],27298
[ANY-GENDER],[Italy],[48-63],[ANY-EDUCATION],[ANY-JOB],35212
[ANY-GENDER],[Italy],[48-63],[ANY-EDUCATION],[ANY-JOB],39566
[ANY-GENDER],[Italy],[48-63],[ANY-EDUCATION],[ANY-JOB],21287
[ANY-GENDER],[Italy],[47-57],[ANY-EDUCATION],[ANY-JOB],44963
[ANY-GENDER],[Italy],[47-57],[ANY-EDUCATION],[ANY-JOB],20818
[ANY-GENDER],[Italy],[47-57],[ANY-EDUCATION],[ANY-JOB],34484
[ANY-GENDER],[Italy],[24-57],[ANY-EDUCATION],[ANY-JOB],33603
[ANY-GENDER],[Italy],[24-57],[ANY-EDUCATION],[ANY-JOB],37150
[ANY-GENDER],[Italy],[24-57],[ANY-EDUCATION],[ANY-JOB],49623
[ANY-GENDER],[Italy],[56-70],[ANY-EDUCATION],[ANY-JOB],30382
[ANY-GENDER],[Italy],[56-70],[ANY-EDUCATION],[ANY-JOB],28849
[ANY-GENDER],[Italy],[56-70],[ANY-EDUCATION],[ANY-JOB],36209
[ANY-GENDER],[Italy],[39-77],[ANY-EDUCATION],[ANY-JOB],25258
[ANY-GENDER],[Italy],[39-77],[ANY-EDUCATION],[ANY-JOB],12897
[ANY-GENDER],[Italy],[39-77],[ANY-EDUCATION],[ANY-JOB],56459
male,[Italy],[21-80],High School,[ANY-JOB],34286
male,[Italy],[21-80],High School,[ANY-JOB],19870
male,[Italy],[21-80],High School,[ANY-JOB],11843
male,[Italy],[18-60],[ANY-EDUCATION],[ANY-JOB],23434
male,[Italy],[18-60],[ANY-EDUCATION],[ANY-JOB],18025
male,[Italy],[18-60],[ANY-EDUCATION],[ANY-JOB],27281
[ANY-GENDER],[Italy],[60-78],[ANY-EDUCATION],[ANY-JOB],22648
[ANY-GENDER],[Italy],[60-78],[ANY-EDUCATION],[ANY-JOB],79000
[ANY-GENDER],[Italy],[60-78],[ANY-EDUCATION],[ANY-JOB],25208
[ANY-GENDER],[Italy],[39-50],[ANY-EDUCATION],[ANY-JOB],28769
[ANY-GENDER],[Italy],[39-50],[ANY-EDUCATION],[ANY-JOB],33513
[ANY-GENDER],[Italy],[39-50],[ANY-EDUCATION],[ANY-JOB],59397
[ANY-GENDER],[North],[67-81],[ANY-EDUCATION],[ANY-JOB],27358
[ANY-GENDER],[North],[67-81],[ANY-EDUCATION],[ANY-JOB],25227
[ANY-GENDER],[North],[67-81],[ANY-EDUCATION],[ANY-JOB],28403
[ANY-GENDER],[South],[37-55],[ANY-EDUCATION],[ANY-JOB],32531
[ANY-GENDER],[South],[37-55],[ANY-EDUCATION],[ANY-JOB],31861
[ANY-GENDER],[South],[37-55],[ANY-EDUCATION],[ANY-JOB],34809
[ANY-GENDER],[Italy],[33-71],High School,[ANY-JOB],28907
[ANY-GENDER],[Italy],[33-71],High School,[ANY-JOB],20566
[ANY-GENDER],[Italy],[33-71],High School,[ANY-JOB],22953
[ANY-GENDER],[Italy],[38-52],[ANY-EDUCATION],[ANY-JOB],34898
[ANY-GENDER],[Italy],[38-52],[ANY-EDUCATION],[ANY-JOB],29939
[ANY-GENDER],[Italy],[38-52],[ANY-EDUCATION],[ANY-JOB],45764
[ANY-GENDER],[Italy],[32-58],[ANY-EDUCATION],[ANY-JOB],42654
[ANY-GENDER],[Italy],[32-58],[ANY-EDUCATION],[ANY-JOB],28886
[ANY-GENDER],[Italy],[32-58],[ANY-EDUCATION],[ANY-JOB],21488
[ANY-GENDER],[Italy],[59-83],High School,[ANY-JOB],30524
[ANY-GENDER],[Italy],[59-83],High School,[ANY-JOB],39250
[ANY-GENDER],[Italy],[59-83],High School,[ANY-JOB],29401
[ANY-GENDER],[South],[19-84],[ANY-EDUCATION],[ANY-JOB],13553
[ANY-GENDER],[South],[19-84],[ANY-EDUCATION],[ANY-JOB],18319
[ANY-GENDER],[South],[19-84],[ANY-EDUCATION],[ANY-JOB],65571
female,[Italy],[22-90],[ANY-EDUCATION],[ANY-JOB],30828
female,[Italy],[22-90],[ANY-EDUCATION],[ANY-JOB],23550
female,[Italy],[22-90],[ANY-EDUCATION],[ANY-JOB],29357
female,[Italy],[45-64],[ANY-EDUCATION],[ANY-JOB],27408
female,[Italy],[45-64],[ANY-EDUCATION],[ANY-JOB],36631
female,[Italy],[45-64],[ANY-EDUCATION],[ANY-JOB],28885
female,[Italy],[68-84],[ANY-EDUCATION],[ANY-JOB],18261
female,[Italy],[68-84],[ANY-EDUCATION],[ANY-JOB],45342
female,[Italy],[68-84],[ANY-EDUCATION],[ANY-JOB],33880
[ANY-GENDER],[Italy],[30-68],[ANY-EDUCATION],[ANY-JOB],38337
[ANY-GENDER],[Italy],[30-68],[ANY-EDUCATION],[ANY-JOB],16520
[ANY-GENDER],[Italy],[30-68],[ANY-EDUCATION],[ANY-JOB],51945
[ANY-GENDER],[North],[19-29],High School,[ANY-JOB],20555
[ANY-GENDER],[North],[19-29],High School,[ANY-JOB],15421
[ANY-GENDER],[North],[19-29],High School,[ANY-JOB],31739
male,[Italy],[36-71],[ANY-EDUCATION],[ANY-JOB],36330
male,[Italy],[36-71],[ANY-EDUCATION],[ANY-JOB],30830
male,[Italy],[36-71],[ANY-EDUCATION],[ANY-JOB],92885
[ANY-GENDER],[Italy],[26-76],High School,[ANY-JOB],26752
[ANY-GENDER],[Italy],[26-76],High School,[ANY-JOB],24690
[ANY-GENDER],[Italy],[26-76],High School,[ANY-JOB],17421
[ANY-GENDER],[Italy],[23-70],[ANY-EDUCATION],[ANY-JOB],15472
[ANY-GENDER],[Italy],[23-70],[ANY-EDUCATION],[ANY-JOB],14937
[ANY-GENDER],[Italy],[23-70],[ANY-EDUCATION],[ANY-JOB],43133
[ANY-GENDER],[Italy],[23-90],High School,[ANY-JOB],13423
[ANY-GENDER],[Italy],[23-90],High School,[ANY-JOB],25527
[ANY-GENDER],[Italy],[23-90],High School,[ANY-JOB],28038
[ANY-GENDER],[North],[51-76],High School,[ANY-JOB],47566
[ANY-GENDER],[North],[51-76],High School,[ANY-JOB],30602
[ANY-GENDER],[North],[51-76],High School,[ANY-JOB],32862
[ANY-GENDER],[Italy],[60-79],[ANY-EDUCATION],[ANY-JOB],24462
[ANY-GENDER],[Italy],[60-79],[ANY-EDUCATION],[ANY-JOB],34245
[ANY-GENDER],[Italy],[60-79],[ANY-EDUCATION],[ANY-JOB],41197
[ANY-GENDER],[North],[33-76],[ANY-EDUCATION],[ANY-JOB],17361
[ANY-GENDER],[North],[33-76],[ANY-EDUCATION],[ANY-JOB],33560
[ANY-GENDER],[North],[33-76],[ANY-EDUCATION],[ANY-JOB],34518
[ANY-GENDER],[Italy],[25-72],[ANY-EDUCATION],[ANY-JOB],22463
[ANY-GENDER],[Italy],[25-72],[ANY-EDUCATION],[ANY-JOB],20241
[ANY-GENDER],[Italy],[25-72],[ANY-EDUCATION],[ANY-JOB],77486
[ANY-GENDER],[Italy],[61-66],[ANY-EDUCATION],[ANY-JOB],33756
[ANY-GENDER],[Italy],[61-66],[ANY-EDUCATION],[ANY-JOB],64787
[ANY-GENDER],[Italy],[61-66],[ANY-EDUCATION],[ANY-JOB],23011
female,[Italy],[20-38],[ANY-EDUCATION],[ANY-JOB],27385
female,[Italy],[20-38],[ANY-EDUCATION],[ANY-JOB],15305
female,[Italy],[20-38],[ANY-EDUCATION],[ANY-JOB],18934
[ANY-GENDER],[Italy],[20-88],[ANY-EDUCATION],[ANY-JOB],30619
[ANY-GENDER],[Italy],[20-88],[ANY-EDUCATION],[ANY-JOB],82837
[ANY-GENDER],[Italy],[20-88],[ANY-EDUCATION],[ANY-JOB],73039
[ANY-GENDER],[Midlle],[56-72],[ANY-EDUCATION],[ANY-JOB],33064
[ANY-GENDER],[Midlle],[56-72],[ANY-EDUCATION],[ANY-JOB],47106
[ANY-GENDER],[Midlle],[56-72],[ANY-EDUCATION],[ANY-JOB],19434
female,[North],[23-70],[ANY-EDUCATION],[ANY-JOB],24257
female,[North],[23-70],[ANY-EDUCATION],[ANY-JOB],25216
female,[North],[23-70],[ANY-EDUCATION],[ANY-JOB],37511
[ANY-GENDER],[Italy],[27-51],[ANY-EDUCATION],[ANY-JOB],26356
[ANY-GENDER],[Italy],[27-51],[ANY-EDUCATION],[ANY-JOB],12947
[ANY-GENDER],[Italy],[27-51],[ANY-EDUCATION],[ANY-JOB],45244
male,[Italy],[40-90],[ANY-EDUCATION],[ANY-JOB],23498
male,[Italy],[40-90],[ANY-EDUCATION],[ANY-JOB],26898
male,[Italy],[40-90],[ANY-EDUCATION],[ANY-JOB],39550
[ANY-GENDER],[Italy],[20-51],High School,[ANY-JOB],40447
[ANY-GENDER],[Italy],[20-51],High School,[ANY-JOB],37696
[ANY-GENDER],[Italy],[20-51],High School,[ANY-JOB],33935
[ANY-GENDER],[Italy],[45-87],Bachelor's Degree,[ANY-JOB],36592
[ANY-GENDER],[Italy],[45-87],Bachelor's Degree,[ANY-JOB],30959
[ANY-GENDER],[Italy],[45-87],Bachelor's Degree,[ANY-JOB],26713
[ANY-GENDER],[South],[42-84],[ANY-EDUCATION],[ANY-JOB],52220
[ANY-GENDER],[South],[42-84],[ANY-EDUCATION],[ANY-JOB],54391
[ANY-GENDER],[South],[42-84],[ANY-EDUCATION],[ANY-JOB],70019
[ANY-GENDER],[South],[23-63],[ANY-EDUCATION],[ANY-JOB],44081
[ANY-GENDER],[South],[23-63],[ANY-EDUCATION],[ANY-JOB],47160
[ANY-GENDER],[South],[23-63],[ANY-EDUCATION],[ANY-JOB],42482
[ANY-GENDER],[Italy],[24-58],High School,[ANY-JOB],24581
[ANY-GENDER],[Italy],[24-58],High School,[ANY-JOB],34299
[ANY-GENDER],[Italy],[24-58],High School,[ANY-JOB],21216
male,[Italy],[52-63],[ANY-EDUCATION],[ANY-JOB],46191
male,[Italy],[52-63],[ANY-EDUCATION],[ANY-JOB],19748
male,[Italy],[52-63],[ANY-EDUCATION],[ANY-JOB],33419
[ANY-GENDER],[Italy],[40-75],[ANY-EDUCATION],[ANY-JOB],28597
[ANY-GENDER],[Italy],[40-75],[ANY-EDUCATION],[ANY-JOB],32697
[ANY-GENDER],[Italy],[40-75],[ANY-EDUCATION],[ANY-JOB],66885
[ANY-GENDER],[Italy],[48-82],[ANY-EDUCATION],[ANY-JOB],33448
[ANY-GENDER],[Italy],[48-82],[ANY-EDUCATION],[ANY-JOB],31727
[ANY-GENDER],[Italy],[48-82],[ANY-EDUCATION],[ANY-JOB],47039
[ANY-GENDER],[Italy],[40-73],[ANY-EDUCATION],[ANY-JOB],33037
[ANY-GENDER],[Italy],[40-73],[ANY-EDUCATION],[ANY-JOB],41462
[ANY-GENDER],[Italy],[40-73],[ANY-EDUCATION],[ANY-JOB],28759
female,[Italy],[34-89],[ANY-EDUCATION],[ANY-JOB],42511
female,[Italy],[34-89],[ANY-EDUCATION],[ANY-JOB],25162
female,[Italy],[34-89],[ANY-EDUCATION],[ANY-JOB],35746
female,[Italy],[31-82],[ANY-EDUCATION],[ANY-JOB],29678
female,[Italy],[31-82],[ANY-EDUCATION],[ANY-JOB],76428
female,[Italy],[31-82],[ANY-EDUCATION],[ANY-JOB],26075
[ANY-GENDER],[Italy],[29-80],[ANY-EDUCATION],[ANY-JOB],25908
[ANY-GENDER],[Italy],[29-80],[ANY-EDUCATION],[ANY-JOB],22514
[ANY-GENDER],[Italy],[29-80],[ANY-EDUCATION],[ANY-JOB],65176
[ANY-GENDER],[Italy],[23-50],High School,[ANY-JOB],20032
[ANY-GENDER],[Italy],[23-50],High School,[ANY-JOB],36466
[ANY-GENDER],[Italy],[23-50],High School,[ANY-JOB],15388
[ANY-GENDER],[Italy],[23-56],High School,[ANY-JOB],16424
[ANY-GENDER],[Italy],[23-56],High School,[ANY-JOB],28150
[ANY-GENDER],[Italy],[23-56],High School,[ANY-JOB],20168
[ANY-GENDER],[South],[36-81],[ANY-EDUCATION],[ANY-JOB],38004
[ANY-GENDER],[South],[36-81],[ANY-EDUCATION],[ANY-JOB],45513
[ANY-GENDER],[South],[36-81],[ANY-EDUCATION],[ANY-JOB],62697
male,[Italy],[37-65],[ANY-EDUCATION],[ANY-JOB],20481
male,[Italy],[37-65],[ANY-EDUCATION],[ANY-JOB],42266
male,[Italy],[37-65],[ANY-EDUCATION],[ANY-JOB],60463
male,[Italy],[42-85],[ANY-EDUCATION],[ANY-JOB],91894
male,[Italy],[42-85],[ANY-EDUCATION],[ANY-JOB],28423
male,[Italy],[42-85],[ANY-EDUCATION],[ANY-JOB],38441
[ANY-GENDER],[Italy],[35-71],[ANY-EDUCATION],[ANY-JOB],38149
[ANY-GENDER],[Italy],[35-71],[ANY-EDUCATION],[ANY-JOB],20241
[ANY-GENDER],[Italy],[35-71],[ANY-EDUCATION],[ANY-JOB],30569
[ANY-GENDER],[Italy],[26-71],[ANY-EDUCATION],[ANY-JOB],27516
[ANY-GENDER],[Italy],[26-71],[ANY-EDUCATION],[ANY-JOB],22110
[ANY-GENDER],[Italy],[26-71],[ANY-EDUCATION],[ANY-JOB],90522
[ANY-GENDER],[Italy],[23-64],[ANY-EDUCATION],[ANY-JOB],41459
[ANY-GENDER],[Italy],[23-64],[ANY-EDUCATION],[ANY-JOB],35290
[ANY-GENDER],[Italy],[23-64],[ANY-EDUCATION],[ANY-JOB],62074
[ANY-GENDER],[South],[38-64],[ANY-EDUCATION],[ANY-JOB],24469
[ANY-GENDER],[South],[38-64],[ANY-EDUCATION],[ANY-JOB],80493
[ANY-GENDER],[South],[38-64],[ANY-EDUCATION],[ANY-JOB],42677
[ANY-GENDER],[Italy],[44-85],[ANY-EDUCATION],[ANY-JOB],36523
[ANY-GENDER],[Italy],[44-85],[ANY-EDUCATION],[ANY-JOB],12571
[ANY-GENDER],[Italy],[44-85],[ANY-EDUCATION],[ANY-JOB],56857
[ANY-GENDER],[Italy],[34-88],[ANY-EDUCATION],[ANY-JOB],23595
[ANY-GENDER],[Italy],[34-88],[ANY-EDUCATION],[ANY-JOB],20370
[ANY-GENDER],[Italy],[34-88],[ANY-EDUCATION],[ANY-JOB],77158
female,[Italy],[40-66],[ANY-EDUCATION],[ANY-JOB],42140
female,[Italy],[40-66],[ANY-EDUCATION],[ANY-JOB],49832
female,[Italy],[40-66],[ANY-EDUCATION],[ANY-JOB],42011
female,[Italy],[60-63],[ANY-EDUCATION],[ANY-JOB],38082
female,[Italy],[60-63],[ANY-EDUCATION],[ANY-JOB],73394
female,[Italy],[60-63],[ANY-EDUCATION],[ANY-JOB],43334
female,[Italy],[78-84],[ANY-EDUCATION],[ANY-JOB],67253
female,[Italy],[78-84],[ANY-EDUCATION],[ANY-JOB],33996
female,[Italy],[78-84],[ANY-EDUCATION],[ANY-JOB],35281
female,[Italy],[24-64],High School,[ANY-JOB],30941
female,[Italy],[24-64],High School,[ANY-JOB],32417
female,[Italy],[24-64],High School,[ANY-JOB],26763
[ANY-GENDER],[North],[33-84],High School,[ANY-JOB],27830
[ANY-GENDER],[North],[33-84],High School,[ANY-JOB],37143
[ANY-GENDER],[North],[33-84],High School,[ANY-JOB],32798
[ANY-GENDER],[Italy],[35-90],High School,[ANY-JOB],37074
[ANY-GENDER],[Italy],[35-90],High School,[ANY-JOB],37841
[ANY-GENDER],[Italy],[35-90],High School,[ANY-JOB],22150
[ANY-GENDER],[Italy],[27-50],[ANY-EDUCATION],[ANY-JOB],37875
[ANY-GENDER],[Italy],[27-50],[ANY-EDUCATION],[ANY-JOB],36981
[ANY-GENDER],[Italy],[27-50],[ANY-EDUCATION],[ANY-JOB],40158
[ANY-GENDER],[Italy],[25-47],[ANY-EDUCATION],[ANY-JOB],38108
[ANY-GENDER],[Italy],[25-47],[ANY-EDUCATION],[ANY-JOB],33709
[ANY-GENDER],[Italy],[25-47],[ANY-EDUCATION],[ANY-JOB],31951
female,[Italy],[21-78],High School,[ANY-JOB],42236
female,[Italy],[21-78],High School,[ANY-JOB],37451
female,[Italy],[21-78],High School,[ANY-JOB],17793
[ANY-GENDER],[Italy],[39-61],[ANY-EDUCATION],[ANY-JOB],33205
[ANY-GENDER],[Italy],[39-61],[ANY-EDUCATION],[ANY-JOB],61800
[ANY-GENDER],[Italy],[39-61],[ANY-EDUCATION],[ANY-JOB],43738
[ANY-GENDER],[Italy],[19-60],[ANY-EDUCATION],[ANY-JOB],23148
[ANY-GENDER],[Italy],[19-60],[ANY-EDUCATION],[ANY-JOB],30036
[ANY-GENDER],[Italy],[19-60],[ANY-EDUCATION],[ANY-JOB],16734
[ANY-GENDER],[Italy],[51-79],[ANY-EDUCATION],[ANY-JOB],41232
[ANY-GENDER],[Italy],[51-79],[ANY-EDUCATION],[ANY-JOB],24737
[ANY-GENDER],[Italy],[51-79],[ANY-EDUCATION],[ANY-JOB],23849
[ANY-GENDER],[Italy],[34-79],High School,[ANY-JOB],22985
[ANY-GENDER],[Italy],[34-79],High School,[ANY-JOB],25012
[ANY-GENDER],[Italy],[34-79],High School,[ANY-JOB],42805
[ANY-GENDER],[North],[35-49],High School,[Arts],18647
[ANY-GENDER],[North],[35-49],High School,[Arts],43283
[ANY-GENDER],[North],[35-49],High School,[Arts],22364
female,[Italy],[48-89],[ANY-EDUCATION],[ANY-JOB],37348
female,[Italy],[48-89],[ANY-EDUCATION],[ANY-JOB],29274
female,[Italy],[48-89],[ANY-EDUCATION],[ANY-JOB],32267
[ANY-GENDER],[Italy],[36-82],[ANY-EDUCATION],[ANY-JOB],46661
[ANY-GENDER],[Italy],[36-82],[ANY-EDUCATION],[ANY-JOB],21406
[ANY-GENDER],[Italy],[36-82],[ANY-EDUCATION],[ANY-JOB],88598
[ANY-GENDER],[Italy],[52-88],[ANY-EDUCATION],[ANY-JOB],95519
[ANY-GENDER],[Italy],[52-88],[ANY-EDUCATION],[ANY-JOB],18772
[ANY-GENDER],[Italy],[52-88],[ANY-EDUCATION],[ANY-JOB],24382
[ANY-GENDER],[Italy],[21-82],[ANY-EDUCATION],[ANY-JOB],41096
[ANY-GENDER],[Italy],[21-82],[ANY-EDUCATION],[ANY-JOB],25419
[ANY-GENDER],[Italy],[21-82],[ANY-EDUCATION],[ANY-JOB],41467
[ANY-GENDER],[Italy],[30-52],[ANY-EDUCATION],[ANY-JOB],37895
[ANY-GENDER],[Italy],[30-52],[ANY-EDUCATION],[ANY-JOB],28456
[ANY-GENDER],[Italy],[30-52],[ANY-EDUCATION],[ANY-JOB],24044
male,[Italy],[34-89],[ANY-EDUCATION],[ANY-JOB],52272
male,[Italy],[34-89],[ANY-EDUCATION],[ANY-JOB],36782
male,[Italy],[34-89],[ANY-EDUCATION],[ANY-JOB],28287
[ANY-GENDER],[Italy],[35-84],High School,[ANY-JOB],22881
[ANY-GENDER],[Italy],[35-84],High School,[ANY-JOB],37012
[ANY-GENDER],[Italy],[35-84],High School,[ANY-JOB],38971
male,[Italy],[39-86],[ANY-EDUCATION],[ANY-JOB],53162
male,[Italy],[39-86],[ANY-EDUCATION],[ANY-JOB],27939
male,[Italy],[39-86],[ANY-EDUCATION],[ANY-JOB],25798
[ANY-GENDER],[Italy],[31-35],[ANY-EDUCATION],[ANY-JOB],29839
[ANY-GENDER],[Italy],[31-35],[ANY-EDUCATION],[ANY-JOB],47322
[ANY-GENDER],[Italy],[31-35],[ANY-EDUCATION],[ANY-JOB],38714
male,[North],[35-66],[ANY-EDUCATION],[ANY-JOB],19736
male,[North],[35-66],[ANY-EDUCATION],[ANY-JOB],17119
male,[North],[35-66],[ANY-EDUCATION],[ANY-JOB],35727
[ANY-GENDER],[Italy],[30-76],[ANY-EDUCATION],[ANY-JOB],33400
[ANY-GENDER],[Italy],[30-76],[ANY-EDUCATION],[ANY-JOB],25240
[ANY-GENDER],[Italy],[30-76],[ANY-EDUCATION],[ANY-JOB],74131
[ANY-GENDER],[Italy],[25-77],[ANY-EDUCATION],[ANY-JOB],27837
[ANY-GENDER],[Italy],[25-77],[ANY-EDUCATION],[ANY-JOB],32546
[ANY-GENDER],[Italy],[25-77],[ANY-EDUCATION],[ANY-JOB],34123
male,[Italy],[18-71],High School,[ANY-JOB],31398
male,[Italy],[18-71],High School,[ANY-JOB],18463
male,[Italy],[18-71],High School,[ANY-JOB],26908
[ANY-GENDER],[Italy],[24-74],[ANY-EDUCATION],[ANY-JOB],27349
[ANY-GENDER],[Italy],[24-74],[ANY-EDUCATION],[ANY-JOB],39345
[ANY-GENDER],[Italy],[24-74],[ANY-EDUCATION],[ANY-JOB],28696
[ANY-GENDER],[Italy],[41-50],[ANY-EDUCATION],[ANY-JOB],13524
[ANY-GENDER],[Italy],[41-50],[ANY-EDUCATION],[ANY-JOB],31686
[ANY-GENDER],[Italy],[41-50],[ANY-EDUCATION],[ANY-JOB],29701
[ANY-GENDER],[Italy],[50-69],[ANY-EDUCATION],[ANY-JOB],20744
[ANY-GENDER],[Italy],[50-69],[ANY-EDUCATION],[ANY-JOB],31320
[ANY-GENDER],[Italy],[50-69],[ANY-EDUCATION],[ANY-JOB],70064
male,[Italy],[31-59],[ANY-EDUCATION],[ANY-JOB],41876
male,[Italy],[31-59],[ANY-EDUCATION],[ANY-JOB],58974
male,[Italy],[31-59],[ANY-EDUCATION],[ANY-JOB],31323
female,[Italy],[25-67],[ANY-EDUCATION],[ANY-JOB],38638
female,[Italy],[25-67],[ANY-EDUCATION],[ANY-JOB],39386
female,[Italy],[25-67],[ANY-EDUCATION],[ANY-JOB],34083
[ANY-GENDER],[Italy],[37-45],High School,[ANY-JOB],42889
[ANY-GENDER],[Italy],[37-45],High School,[ANY-JOB],30995
[ANY-GENDER],[Italy],[37-45],High School,[ANY-JOB],13296
[ANY-GENDER],[Italy],[49-75],[ANY-EDUCATION],[ANY-JOB],58812
[ANY-GENDER],[Italy],[49-75],[ANY-EDUCATION],[ANY-JOB],35571
[ANY-GENDER],[Italy],[49-75],[ANY-EDUCATION],[ANY-JOB],45297
[ANY-GENDER],[Italy],[33-62],[ANY-EDUCATION],[ANY-JOB],44510
[ANY-GENDER],[Italy],[33-62],[ANY-EDUCATION],[ANY-JOB],21390
[ANY-GENDER],[Italy],[33-62],[ANY-EDUCATION],[ANY-JOB],68166
[ANY-GENDER],[Italy],[26-46],[ANY-EDUCATION],[ANY-JOB],27529
[ANY-GENDER],[Italy],[26-46],[ANY-EDUCATION],[ANY-JOB],23260
[ANY-GENDER],[Italy],[26-46],[ANY-EDUCATION],[ANY-JOB],22602
[ANY-GENDER],[Italy],[39-83],[ANY-EDUCATION],[ANY-JOB],33475
[ANY-GENDER],[Italy],[39-83],[ANY-EDUCATION],[ANY-JOB],24475
[ANY-GENDER],[Italy],[39-83],[ANY-EDUCATION],[ANY-JOB],66298
male,[Italy],[32-69],[ANY-EDUCATION],[ANY-JOB],46667
male,[Italy],[32-69],[ANY-EDUCATION],[ANY-JOB],40993
male,[Italy],[32-69],[ANY-EDUCATION],[ANY-JOB],94168
[ANY-GENDER],[Italy],[46-76],[ANY-EDUCATION],[ANY-JOB],41227
[ANY-GENDER],[Italy],[46-76],[ANY-EDUCATION],[ANY-JOB],49782
[ANY-GENDER],[Italy],[46-76],[ANY-EDUCATION],[ANY-JOB],26692
[ANY-GENDER],[Italy],[36-63],High School,[ANY-JOB],39684
[ANY-GENDER],[Italy],[36-63],High School,[ANY-JOB],29125
[ANY-GENDER],[Italy],[36-63],High School,[ANY-JOB],37087
female,[Italy],[18-84],[ANY-EDUCATION],[ANY-JOB],28461
female,[Italy],[18-84],[ANY-EDUCATION],[ANY-JOB],33153
female,[Italy],[18-84],[ANY-EDUCATION],[ANY-JOB],31291
[ANY-GENDER],[Italy],[52-70],[ANY-EDUCATION],[ANY-JOB],41809
[ANY-GENDER],[Italy],[52-70],[ANY-EDUCATION],[ANY-JOB],18928
[ANY-GENDER],[Italy],[52-70],[ANY-EDUCATION],[ANY-JOB],79360
[ANY-GENDER],[Italy],[51-76],[ANY-EDUCATION],[ANY-JOB],37140
[ANY-GENDER],[Italy],[51-76],[ANY-EDUCATION],[ANY-JOB],40269
[ANY-GENDER],[Italy],[51-76],[ANY-EDUCATION],[ANY-JOB],38625
[ANY-GENDER],[Italy],[27-66],[ANY-EDUCATION],[ANY-JOB],40500
[ANY-GENDER],[Italy],[27-66],[ANY-EDUCATION],[ANY-JOB],36326
[ANY-GENDER],[Italy],[27-66],[ANY-EDUCATION],[ANY-JOB],61644
[ANY-GENDER],[Italy],[51-67],[ANY-EDUCATION],[ANY-JOB],25489
[ANY-GENDER],[Italy],[51-67],[ANY-EDUCATION],[ANY-JOB],30175
[ANY-GENDER],[Italy],[51-67],[ANY-EDUCATION],[ANY-JOB],40404
[ANY-GENDER],[Italy],[27-41],[ANY-EDUCATION],[ANY-JOB],26644
[ANY-GENDER],[Italy],[27-41],[ANY-EDUCATION],[ANY-JOB],28422
[ANY-GENDER],[Italy],[27-41],[ANY-EDUCATION],[ANY-JOB],23088
[ANY-GENDER],[Italy],[36-84],[ANY-EDUCATION],[ANY-JOB],24614
[ANY-GENDER],[Italy],[36-84],[ANY-EDUCATION],[ANY-JOB],34654
[ANY-GENDER],[Italy],[36-84],[ANY-EDUCATION],[ANY-JOB],32561
[ANY-GENDER],[Italy],[35-75],[ANY-EDUCATION],[ANY-JOB],26554
[ANY-GENDER],[Italy],[35-75],[ANY-EDUCATION],[ANY-JOB],42265
[ANY-GENDER],[Italy],[35-75],[ANY-EDUCATION],[ANY-JOB],51367
male,[North],[20-55],High School,[ANY-JOB],36777
male,[North],[20-55],High School,[ANY-JOB],29554
male,[North],[20-55],High School,[ANY-JOB],17799
[ANY-GENDER],[Italy],[34-75],Bachelor's Degree,[ANY-JOB],47855
[ANY-GENDER],[Italy],[34-75],Bachelor's Degree,[ANY-JOB],18498
[ANY-GENDER],[Italy],[34-75],Bachelor's Degree,[ANY-JOB],55594
[ANY-GENDER],[Italy],[30-76],[ANY-EDUCATION],[ANY-JOB],18815
[ANY-GENDER],[Italy],[30-76],[ANY-EDUCATION],[ANY-JOB],64101
[ANY-GENDER],[Italy],[30-76],[ANY-EDUCATION],[ANY-JOB],54948
[ANY-GENDER],[Italy],[43-82],[ANY-EDUCATION],[ANY-JOB],26108
[ANY-GENDER],[Italy],[43-82],[ANY-EDUCATION],[ANY-JOB],30952
[ANY-GENDER],[Italy],[43-82],[ANY-EDUCATION],[ANY-JOB],25778
[ANY-GENDER],[Italy],[43-58],[ANY-EDUCATION],[ANY-JOB],33826
[ANY-GENDER],[Italy],[43-58],[ANY-EDUCATION],[ANY-JOB],52372
[ANY-GENDER],[Italy],[43-58],[ANY-EDUCATION],[ANY-JOB],29254
[ANY-GENDER],[Italy],[26-51],[ANY-EDUCATION],[ANY-JOB],38851
[ANY-GENDER],[Italy],[26-51],[ANY-EDUCATION],[ANY-JOB],23587
[ANY-GENDER],[Italy],[26-51],[ANY-EDUCATION],[ANY-JOB],78131
[ANY-GENDER],[Italy],[58-72],[ANY-EDUCATION],[ANY-JOB],29203
[ANY-GENDER],[Italy],[58-72],[ANY-EDUCATION],[ANY-JOB],28771
[ANY-GENDER],[Italy],[58-72],[ANY-EDUCATION],[ANY-JOB],54360
[ANY-GENDER],[Italy],[49-90],[ANY-EDUCATION],[ANY-JOB],3557
[ANY-GENDER],[Italy],[49-90],[ANY-EDUCATION],[ANY-JOB],35725
[ANY-GENDER],[Italy],[49-90],[ANY-EDUCATION],[ANY-JOB],65301
[ANY-GENDER],[South],[18-60],[ANY-EDUCATION],[ANY-JOB],27945
[ANY-GENDER],[South],[18-60],[ANY-EDUCATION],[ANY-JOB],22632
[ANY-GENDER],[South],[18-60],[ANY-EDUCATION],[ANY-JOB],20798
[ANY-GENDER],[Italy],[26-79],[ANY-EDUCATION],[ANY-JOB],38212
[ANY-GENDER],[Italy],[26-79],[ANY-EDUCATION],[ANY-JOB],28738
[ANY-GENDER],[Italy],[26-79],[ANY-EDUCATION],[ANY-JOB],30783
[ANY-GENDER],[Italy],[44-76],[ANY-EDUCATION],[ANY-JOB],23635
[ANY-GENDER],[Italy],[44-76],[ANY-EDUCATION],[ANY-JOB],37951
[ANY-GENDER],[Italy],[44-76],[ANY-EDUCATION],[ANY-JOB],80215
male,[North],[37-59],High School,[ANY-JOB],40139
male,[North],[37-59],High School,[ANY-JOB],34637
male,[North],[37-59],High School,[ANY-JOB],30952
[ANY-GENDER],[Italy],[38-63],[ANY-EDUCATION],[ANY-JOB],34436
[ANY-GENDER],[Italy],[38-63],[ANY-EDUCATION],[ANY-JOB],55412
[ANY-GENDER],[Italy],[38-63],[ANY-EDUCATION],[ANY-JOB],28778
male,[Italy],[38-80],[ANY-EDUCATION],[ANY-JOB],49130
male,[Italy],[38-80],[ANY-EDUCATION],[ANY-JOB],35463
male,[Italy],[38-80],[ANY-EDUCATION],[ANY-JOB],35567
male,[Italy],[62-73],[ANY-EDUCATION],[ANY-JOB],64803
male,[Italy],[62-73],[ANY-EDUCATION],[ANY-JOB],19857
male,[Italy],[62-73],[ANY-EDUCATION],[ANY-JOB],20871
[ANY-GENDER],[Italy],[27-64],[ANY-EDUCATION],[ANY-JOB],61433
[ANY-GENDER],[Italy],[27-64],[ANY-EDUCATION],[ANY-JOB],26187
[ANY-GENDER],[Italy],[27-64],[ANY-EDUCATION],[ANY-JOB],39800
female,[Italy],[24-62],[ANY-EDUCATION],[ANY-JOB],23612
female,[Italy],[24-62],[ANY-EDUCATION],[ANY-JOB],51632
female,[Italy],[24-62],[ANY-EDUCATION],[ANY-JOB],51744
[ANY-GENDER],[Italy],[48-87],[ANY-EDUCATION],[ANY-JOB],81524
[ANY-GENDER],[Italy],[48-87],[ANY-EDUCATION],[ANY-JOB],40876
[ANY-GENDER],[Italy],[48-87],[ANY-EDUCATION],[ANY-JOB],85829
[ANY-GENDER],[Italy],[33-73],[ANY-EDUCATION],[ANY-JOB],37392
[ANY-GENDER],[Italy],[33-73],[ANY-EDUCATION],[ANY-JOB],83411
[ANY-GENDER],[Italy],[33-73],[ANY-EDUCATION],[ANY-JOB],23977
[ANY-GENDER],[Italy],[34-70],[ANY-EDUCATION],[ANY-JOB],62467
[ANY-GENDER],[Italy],[34-70],[ANY-EDUCATION],[ANY-JOB],35196
[ANY-GENDER],[Italy],[34-70],[ANY-EDUCATION],[ANY-JOB],26145
male,[Italy],[47-67],[ANY-EDUCATION],[ANY-JOB],62345
male,[Italy],[47-67],[ANY-EDUCATION],[ANY-JOB],30934
male,[Italy],[47-67],[ANY-EDUCATION],[ANY-JOB],91396
[ANY-GENDER],[Italy],[51-72],[ANY-EDUCATION],[ANY-JOB],35965
[ANY-GENDER],[Italy],[51-72],[ANY-EDUCATION],[ANY-JOB],22589
[ANY-GENDER],[Italy],[51-72],[ANY-EDUCATION],[ANY-JOB],32143
[ANY-GENDER],[Italy],[48-78],[ANY-EDUCATION],[ANY-JOB],33869
[ANY-GENDER],[Italy],[48-78],[ANY-EDUCATION],[ANY-JOB],35522
[ANY-GENDER],[Italy],[48-78],[ANY-EDUCATION],[ANY-JOB],79790
[ANY-GENDER],[Italy],[19-81],[ANY-EDUCATION],[ANY-JOB],24731
[ANY-GENDER],[Italy],[19-81],[ANY-EDUCATION],[ANY-JOB],22139
[ANY-GENDER],[Italy],[19-81],[ANY-EDUCATION],[ANY-JOB],46572
female,[Italy],[21-81],[ANY-EDUCATION],[ANY-JOB],37172
female,[Italy],[21-81],[ANY-EDUCATION],[ANY-JOB],28957
female,[Italy],[21-81],[ANY-EDUCATION],[ANY-JOB],29846
female,[Italy],[30-65],[ANY-EDUCATION],[ANY-JOB],16973
female,[Italy],[30-65],[ANY-EDUCATION],[ANY-JOB],23324
female,[Italy],[30-65],[ANY-EDUCATION],[ANY-JOB],38888
[ANY-GENDER],[Italy],[19-61],High School,[ANY-JOB],39248
[ANY-GENDER],[Italy],[19-61],High School,[ANY-JOB],12295
[ANY-GENDER],[Italy],[19-61],High School,[ANY-JOB],29752
[ANY-GENDER],[South],[51-81],[ANY-EDUCATION],[ANY-JOB],36738
[ANY-GENDER],[South],[51-81],[ANY-EDUCATION],[ANY-JOB],14581
[ANY-GENDER],[South],[51-81],[ANY-EDUCATION],[ANY-JOB],38385
[ANY-GENDER],[Italy],[56-87],[ANY-EDUCATION],[ANY-JOB],10339
[ANY-GENDER],[Italy],[56-87],[ANY-EDUCATION],[ANY-JOB],28617
[ANY-GENDER],[Italy],[56-87],[ANY-EDUCATION],[ANY-JOB],34142
[ANY-GENDER],[Italy],[20-44],High School,[ANY-JOB],37588
[ANY-GENDER],[Italy],[20-44],High School,[ANY-JOB],17726
[ANY-GENDER],[Italy],[20-44],High School,[ANY-JOB],30643
[ANY-GENDER],[Italy],[51-87],[ANY-EDUCATION],[ANY-JOB],24280
[ANY-GENDER],[Italy],[51-87],[ANY-EDUCATION],[ANY-JOB],31209
[ANY-GENDER],[Italy],[51-87],[ANY-EDUCATION],[ANY-JOB],25790
female,[Italy],[43-65],High School,[ANY-JOB],45394
female,[Italy],[43-65],High School,[ANY-JOB],31716
female,[Italy],[43-65],High School,[ANY-JOB],20677
[ANY-GENDER],[Italy],[60-65],[ANY-EDUCATION],[ANY-JOB],35815
[ANY-GENDER],[Italy],[60-65],[ANY-EDUCATION],[ANY-JOB],29705
[ANY-GENDER],[Italy],[60-65],[ANY-EDUCATION],[ANY-JOB],41489
[ANY-GENDER],[Italy],[29-83],High School,[ANY-JOB],25680
[ANY-GENDER],[Italy],[29-83],High School,[ANY-JOB],23387
[ANY-GENDER],[Italy],[29-83],High School,[ANY-JOB],32855
[ANY-GENDER],[Italy],[56-74],[ANY-EDUCATION],[ANY-JOB],28353
[ANY-GENDER],[Italy],[56-74],[ANY-EDUCATION],[ANY-JOB],114565
[ANY-GENDER],[Italy],[56-74],[ANY-EDUCATION],[ANY-JOB],27502
[ANY-GENDER],[Italy],[35-45],High School,[ANY-JOB],33702
[ANY-GENDER],[Italy],[35-45],High School,[ANY-JOB],30881
[ANY-GENDER],[Italy],[35-45],High School,[ANY-JOB],28142
female,[Italy],[35-72],[ANY-EDUCATION],[ANY-JOB],40027
female,[Italy],[35-72],[ANY-EDUCATION],[ANY-JOB],45341
female,[Italy],[35-72],[ANY-EDUCATION],[ANY-JOB],41080
[ANY-GENDER],[Italy],[47-63],[ANY-EDUCATION],[ANY-JOB],27426
[ANY-GENDER],[Italy],[47-63],[ANY-EDUCATION],[ANY-JOB],34361
[ANY-GENDER],[Italy],[47-63],[ANY-EDUCATION],[ANY-JOB],39205
male,[Italy],[35-86],[ANY-EDUCATION],[ANY-JOB],29503
male,[Italy],[35-86],[ANY-EDUCATION],[ANY-JOB],29062
male,[Italy],[35-86],[ANY-EDUCATION],[ANY-JOB],46853
male,[Italy],[18-83],[ANY-EDUCATION],[ANY-JOB],26527
male,[Italy],[18-83],[ANY-EDUCATION],[ANY-JOB],50814
male,[Italy],[18-83],[ANY-EDUCATION],[ANY-JOB],40149
[ANY-GENDER],[Italy],[43-45],[Graduate School],[ANY-JOB],34522
[ANY-GENDER],[Italy],[43-45],[Graduate School],[ANY-JOB],32664
[ANY-GENDER],[Italy],[43-45],[Graduate School],[ANY-JOB],37478
female,[Italy],[31-82],[ANY-EDUCATION],[ANY-JOB],29259
female,[Italy],[31-82],[ANY-EDUCATION],[ANY-JOB],11787
female,[Italy],[31-82],[ANY-EDUCATION],[ANY-JOB],39518
[ANY-GENDER],[Italy],[37-64],[ANY-EDUCATION],[ANY-JOB],43957
[ANY-GENDER],[Italy],[37-64],[ANY-EDUCATION],[ANY-JOB],40912
[ANY-GENDER],[Italy],[37-64],[ANY-EDUCATION],[ANY-JOB],39136
[ANY-GENDER],[Italy],[46-51],High School,[ANY-JOB],37474
[ANY-GENDER],[Italy],[46-51],High School,[ANY-JOB],38626
[ANY-GENDER],[Italy],[46-51],High School,[ANY-JOB],26587
female,[Italy],[23-72],[ANY-EDUCATION],[ANY-JOB],27597
female,[Italy],[23-72],[ANY-EDUCATION],[ANY-JOB],39999
female,[Italy],[23-72],[ANY-EDUCATION],[ANY-JOB],55519
[ANY-GENDER],[Italy],[59-79],[ANY-EDUCATION],[ANY-JOB],22994
[ANY-GENDER],[Italy],[59-79],[ANY-EDUCATION],[ANY-JOB],54407
[ANY-GENDER],[Italy],[59-79],[ANY-EDUCATION],[ANY-JOB],23530
[ANY-GENDER],[Italy],[41-77],[ANY-EDUCATION],[ANY-JOB],29794
[ANY-GENDER],[Italy],[41-77],[ANY-EDUCATION],[ANY-JOB],32954
[ANY-GENDER],[Italy],[41-77],[ANY-EDUCATION],[ANY-JOB],21986
[ANY-GENDER],[South],[55-77],[Graduate School],[ANY-JOB],30234
[ANY-GENDER],[South],[55-77],[Graduate School],[ANY-JOB],78882
[ANY-GENDER],[South],[55-77],[Graduate School],[ANY-JOB],67149
[ANY-GENDER],[Italy],[65-89],High School,[Arts],19486
[ANY-GENDER],[Italy],[65-89],High School,[Arts],29134
[ANY-GENDER],[Italy],[65-89],High School,[Arts],30299
[ANY-GENDER],[Italy],[26-87],[ANY-EDUCATION],[ANY-JOB],28504
[ANY-GENDER],[Italy],[26-87],[ANY-EDUCATION],[ANY-JOB],44566
[ANY-GENDER],[Italy],[26-87],[ANY-EDUCATION],[ANY-JOB],40668
[ANY-GENDER],[Italy],[61-87],[ANY-EDUCATION],[ANY-JOB],66033
[ANY-GENDER],[Italy],[61-87],[ANY-EDUCATION],[ANY-JOB],17131
[ANY-GENDER],[Italy],[61-87],[ANY-EDUCATION],[ANY-JOB],39319
[ANY-GENDER],[Italy],[26-36],[ANY-EDUCATION],[ANY-JOB],39116
[ANY-GENDER],[Italy],[26-36],[ANY-EDUCATION],[ANY-JOB],25126
[ANY-GENDER],[Italy],[26-36],[ANY-EDUCATION],[ANY-JOB],21997
[ANY-GENDER],[Italy],[42-57],[ANY-EDUCATION],[ANY-JOB],25657
[ANY-GENDER],[Italy],[42-57],[ANY-EDUCATION],[ANY-JOB],36479
[ANY-GENDER],[Italy],[42-57],[ANY-EDUCATION],[ANY-JOB],24288
male,[Italy],[29-83],[ANY-EDUCATION],[ANY-JOB],26220
male,[Italy],[29-83],[ANY-EDUCATION],[ANY-JOB],42806
male,[Italy],[29-83],[ANY-EDUCATION],[ANY-JOB],56241
female,[Italy],[22-87],[ANY-EDUCATION],[ANY-JOB],30671
female,[Italy],[22-87],[ANY-EDUCATION],[ANY-JOB],27076
female,[Italy],[22-87],[ANY-EDUCATION],[ANY-JOB],11464
[ANY-GENDER],[Italy],[34-53],[ANY-EDUCATION],[ANY-JOB],29163
[ANY-GENDER],[Italy],[34-53],[ANY-EDUCATION],[ANY-JOB],39188
[ANY-GENDER],[Italy],[34-53],[ANY-EDUCATION],[ANY-JOB],32523
[ANY-GENDER],[Italy],[19-74],High School,[ANY-JOB],44853
[ANY-GENDER],[Italy],[19-74],High School,[ANY-JOB],47336
[ANY-GENDER],[Italy],[19-74],High School,[ANY-JOB],27731
[ANY-GENDER],[Italy],[34-85],[ANY-EDUCATION],[ANY-JOB],32453
[ANY-GENDER],[Italy],[34-85],[ANY-EDUCATION],[ANY-JOB],29380
[ANY-GENDER],[Italy],[34-85],[ANY-EDUCATION],[ANY-JOB],40917
[ANY-GENDER],[Italy],[22-60],[ANY-EDUCATION],[ANY-JOB],48957
[ANY-GENDER],[Italy],[22-60],[ANY-EDUCATION],[ANY-JOB],45767
[ANY-GENDER],[Italy],[22-60],[ANY-EDUCATION],[ANY-JOB],20087
[ANY-GENDER],[Italy],[19-65],[ANY-EDUCATION],[ANY-JOB],29460
[ANY-GENDER],[Italy],[19-65],[ANY-EDUCATION],[ANY-JOB],23111
[ANY-GENDER],[Italy],[19-65],[ANY-EDUCATION],[ANY-JOB],27201
[ANY-GENDER],[Italy],[60-72],[ANY-EDUCATION],[ANY-JOB],38001
[ANY-GENDER],[Italy],[60-72],[ANY-EDUCATION],[ANY-JOB],51741
[ANY-GENDER],[Italy],[60-72],[ANY-EDUCATION],[ANY-JOB],30387
[ANY-GENDER],[Italy],[22-74],[ANY-EDUCATION],[ANY-JOB],41882
[ANY-GENDER],[Italy],[22-74],[ANY-EDUCATION],[ANY-JOB],24273
[ANY-GENDER],[Italy],[22-74],[ANY-EDUCATION],[ANY-JOB],34111
[ANY-GENDER],[Italy],[31-78],[ANY-EDUCATION],[ANY-JOB],22402
[ANY-GENDER],[Italy],[31-78],[ANY-EDUCATION],[ANY-JOB],22502
[ANY-GENDER],[Italy],[31-78],[ANY-EDUCATION],[ANY-JOB],26188
male,[Italy],[33-46],High School,[ANY-JOB],45409
male,[Italy],[33-46],High School,[ANY-JOB],41351
male,[Italy],[33-46],High School,[ANY-JOB],29614
male,[Italy],[54-67],[ANY-EDUCATION],[ANY-JOB],62391
male,[Italy],[54-67],[ANY-EDUCATION],[ANY-JOB],57180
male,[Italy],[54-67],[ANY-EDUCATION],[ANY-JOB],32396
[ANY-GENDER],[Italy],[25-54],[ANY-EDUCATION],[ANY-JOB],31475
[ANY-GENDER],[Italy],[25-54],[ANY-EDUCATION],[ANY-JOB],32246
[ANY-GENDER],[Italy],[25-54],[ANY-EDUCATION],[ANY-JOB],28406
[ANY-GENDER],[Italy],[50-76],[ANY-EDUCATION],[ANY-JOB],38581
[ANY-GENDER],[Italy],[50-76],[ANY-EDUCATION],[ANY-JOB],29268
[ANY-GENDER],[Italy],[50-76],[ANY-EDUCATION],[ANY-JOB],27842
[ANY-GENDER],[Italy],[58-76],[ANY-EDUCATION],[ANY-JOB],31126
[ANY-GENDER],[Italy],[58-76],[ANY-EDUCATION],[ANY-JOB],29895
[ANY-GENDER],[Italy],[58-76],[ANY-EDUCATION],[ANY-JOB],26775
[ANY-GENDER],[Italy],[19-74],[ANY-EDUCATION],[ANY-JOB],27145
[ANY-GENDER],[Italy],[19-74],[ANY-EDUCATION],[ANY-JOB],39577
[ANY-GENDER],[Italy],[19-74],[ANY-EDUCATION],[ANY-JOB],26578
[ANY-GENDER],[Italy],[42-71],[ANY-EDUCATION],[ANY-JOB],31990
[ANY-GENDER],[Italy],[42-71],[ANY-EDUCATION],[ANY-JOB],51599
[ANY-GENDER],[Italy],[42-71],[ANY-EDUCATION],[ANY-JOB],98112
female,[Italy],[40-84],[ANY-EDUCATION],[ANY-JOB],25762
female,[Italy],[40-84],[ANY-EDUCATION],[ANY-JOB],28598
female,[Italy],[40-84],[ANY-EDUCATION],[ANY-JOB],29816
[ANY-GENDER],[Italy],[36-78],[ANY-EDUCATION],[ANY-JOB],18410
[ANY-GENDER],[Italy],[36-78],[ANY-EDUCATION],[ANY-JOB],53508
[ANY-GENDER],[Italy],[36-78],[ANY-EDUCATION],[ANY-JOB],31452
[ANY-GENDER],[Italy],[23-64],[ANY-EDUCATION],[ANY-JOB],25637
[ANY-GENDER],[Italy],[23-64],[ANY-EDUCATION],[ANY-JOB],29109
[ANY-GENDER],[Italy],[23-64],[ANY-EDUCATION],[ANY-JOB],76783
[ANY-GENDER],[Italy],[43-89],[ANY-EDUCATION],[ANY-JOB],38564
[ANY-GENDER],[Italy],[43-89],[ANY-EDUCATION],[ANY-JOB],36623
[ANY-GENDER],[Italy],[43-89],[ANY-EDUCATION],[ANY-JOB],76837
[ANY-GENDER],[Italy],[61-71],High School,[ANY-JOB],18116
[ANY-GENDER],[Italy],[61-71],High School,[ANY-JOB],21543
[ANY-GENDER],[Italy],[61-71],High School,[ANY-JOB],20300
[ANY-GENDER],[North],[66-85],[ANY-EDUCATION],[ANY-JOB],41137
[ANY-GENDER],[North],[66-85],[ANY-EDUCATION],[ANY-JOB],43894
[ANY-GENDER],[North],[66-85],[ANY-EDUCATION],[ANY-JOB],24396
[ANY-GENDER],[Italy],[23-80],[ANY-EDUCATION],[ANY-JOB],22823
[ANY-GENDER],[Italy],[23-80],[ANY-EDUCATION],[ANY-JOB],29956
[ANY-GENDER],[Italy],[23-80],[ANY-EDUCATION],[ANY-JOB],85213
[ANY-GENDER],[Italy],[51-87],[ANY-EDUCATION],[ANY-JOB],22999
[ANY-GENDER],[Italy],[51-87],[ANY-EDUCATION],[ANY-JOB],113057
[ANY-GENDER],[Italy],[51-87],[ANY-EDUCATION],[ANY-JOB],39260
[ANY-GENDER],[Italy],[18-81],High School,[Arts],30064
[ANY-GENDER],[Italy],[18-81],High School,[Arts],34583
[ANY-GENDER],[Italy],[18-81],High School,[Arts],36117
[ANY-GENDER],[Italy],[23-81],[ANY-EDUCATION],[ANY-JOB],41180
[ANY-GENDER],[Italy],[23-81],[ANY-EDUCATION],[ANY-JOB],65303
[ANY-GENDER],[Italy],[23-81],[ANY-EDUCATION],[ANY-JOB],45754
[ANY-GENDER],[North],[61-88],[ANY-EDUCATION],[ANY-JOB],25350
[ANY-GENDER],[North],[61-88],[ANY-EDUCATION],[ANY-JOB],41529
[ANY-GENDER],[North],[61-88],[ANY-EDUCATION],[ANY-JOB],25974
[ANY-GENDER],[Italy],[23-60],[ANY-EDUCATION],[ANY-JOB],24460
[ANY-GENDER],[Italy],[23-60],[ANY-EDUCATION],[ANY-JOB],42312
[ANY-GENDER],[Italy],[23-60],[ANY-EDUCATION],[ANY-JOB],27048
male,[North],[33-84],[ANY-EDUCATION],[ANY-JOB],37174
male,[North],[33-84],[ANY-EDUCATION],[ANY-JOB],26107
male,[North],[33-84],[ANY-EDUCATION],[ANY-JOB],48660
[ANY-GENDER],[Italy],[25-62],[ANY-EDUCATION],[ANY-JOB],34432
[ANY-GENDER],[Italy],[25-62],[ANY-EDUCATION],[ANY-JOB],38969
[ANY-GENDER],[Italy],[25-62],[ANY-EDUCATION],[ANY-JOB],32946
[ANY-GENDER],[Italy],[45-60],[ANY-EDUCATION],[ANY-JOB],21556
[ANY-GENDER],[Italy],[45-60],[ANY-EDUCATION],[ANY-JOB],32121
[ANY-GENDER],[Italy],[45-60],[ANY-EDUCATION],[ANY-JOB],43058
female,[Italy],[58-86],[ANY-EDUCATION],[ANY-JOB],67271
female,[Italy],[58-86],[ANY-EDUCATION],[ANY-JOB],29247
female,[Italy],[58-86],[ANY-EDUCATION],[ANY-JOB],42734
[ANY-GENDER],[Italy],[44-83],High School,[ANY-JOB],36332
[ANY-GENDER],[Italy],[44-83],High School,[ANY-JOB],20651
[ANY-GENDER],[Italy],[44-83],High School,[ANY-JOB],32231
female,[Italy],[38-80],[ANY-EDUCATION],[ANY-JOB],46878
female,[Italy],[38-80],[ANY-EDUCATION],[ANY-JOB],32293
female,[Italy],[38-80],[ANY-EDUCATION],[ANY-JOB],28817
[ANY-GENDER],[North],[46-79],[ANY-EDUCATION],[ANY-JOB],37829
[ANY-GENDER],[North],[46-79],[ANY-EDUCATION],[ANY-JOB],114123
[ANY-GENDER],[North],[46-79],[ANY-EDUCATION],[ANY-JOB],44965
female,[Italy],[18-77],[ANY-EDUCATION],[ANY-JOB],34797
female,[Italy],[18-77],[ANY-EDUCATION],[ANY-JOB],84171
female,[Italy],[18-77],[ANY-EDUCATION],[ANY-JOB],36276
[ANY-GENDER],[Italy],[25-74],High School,[ANY-JOB],12175
[ANY-GENDER],[Italy],[25-74],High School,[ANY-JOB],15686
[ANY-GENDER],[Italy],[25-74],High School,[ANY-JOB],32655
[ANY-GENDER],[Italy],[47-82],[ANY-EDUCATION],[ANY-JOB],38542
[ANY-GENDER],[Italy],[47-82],[ANY-EDUCATION],[ANY-JOB],21132
[ANY-GENDER],[Italy],[47-82],[ANY-EDUCATION],[ANY-JOB],50214
male,[Italy],[30-74],[ANY-EDUCATION],[ANY-JOB],21928
male,[Italy],[30-74],[ANY-EDUCATION],[ANY-JOB],25810
male,[Italy],[30-74],[ANY-EDUCATION],[ANY-JOB],37137
male,[North],[32-64],High School,[ANY-JOB],29137
male,[North],[32-64],High School,[ANY-JOB],16784
male,[North],[32-64],High School,[ANY-JOB],52208
[ANY-GENDER],[Italy],[56-70],[Graduate School],[ANY-JOB],49133
[ANY-GENDER],[Italy],[56-70],[Graduate School],[ANY-JOB],119615
[ANY-GENDER],[Italy],[56-70],[Graduate School],[ANY-JOB],45072
[ANY-GENDER],[Italy],[25-69],[ANY-EDUCATION],[ANY-JOB],38661
[ANY-GENDER],[Italy],[25-69],[ANY-EDUCATION],[ANY-JOB],39133
[ANY-GENDER],[Italy],[25-69],[ANY-EDUCATION],[ANY-JOB],21961
[ANY-GENDER],[Italy],[35-60],[ANY-EDUCATION],[ANY-JOB],20487
[ANY-GENDER],[Italy],[35-60],[ANY-EDUCATION],[ANY-JOB],21962
[ANY-GENDER],[Italy],[35-60],[ANY-EDUCATION],[ANY-JOB],58624
[ANY-GENDER],[Italy],[30-61],[ANY-EDUCATION],[ANY-JOB],28074
[ANY-GENDER],[Italy],[30-61],[ANY-EDUCATION],[ANY-JOB],80095
[ANY-GENDER],[Italy],[30-61],[ANY-EDUCATION],[ANY-JOB],27864
[ANY-GENDER],[Italy],[20-61],[ANY-EDUCATION],[ANY-JOB],26161
[ANY-GENDER],[Italy],[20-61],[ANY-EDUCATION],[ANY-JOB],19517
[ANY-GENDER],[Italy],[20-61],[ANY-EDUCATION],[ANY-JOB],36088
female,[Italy],[31-75],[ANY-EDUCATION],[ANY-JOB],43687
female,[Italy],[31-75],[ANY-EDUCATION],[ANY-JOB],37075
female,[Italy],[31-75],[ANY-EDUCATION],[ANY-JOB],36624
female,[North],[60-81],[ANY-EDUCATION],[ANY-JOB],33053
female,[North],[60-81],[ANY-EDUCATION],[ANY-JOB],98719
female,[North],[60-81],[ANY-EDUCATION],[ANY-JOB],35045
[ANY-GENDER],[Italy],[19-68],[ANY-EDUCATION],[ANY-JOB],25792
[ANY-GENDER],[Italy],[19-68],[ANY-EDUCATION],[ANY-JOB],28830
[ANY-GENDER],[Italy],[19-68],[ANY-EDUCATION],[ANY-JOB],30713
[ANY-GENDER],[Italy],[28-77],High School,[ANY-JOB],34807
[ANY-GENDER],[Italy],[28-77],High School,[ANY-JOB],36030
[ANY-GENDER],[Italy],[28-77],High School,[ANY-JOB],32715
[ANY-GENDER],[Italy],[42-69],High School,[ANY-JOB],21918
[ANY-GENDER],[Italy],[42-69],High School,[ANY-JOB],36393
[ANY-GENDER],[Italy],[42-69],High School,[ANY-JOB],16416
male,[North],[46-87],[ANY-EDUCATION],[ANY-JOB],39327
male,[North],[46-87],[ANY-EDUCATION],[ANY-JOB],36785
male,[North],[46-87],[ANY-EDUCATION],[ANY-JOB],17351
[ANY-GENDER],[Italy],[50-81],[ANY-EDUCATION],[ANY-JOB],41065
[ANY-GENDER],[Italy],[50-81],[ANY-EDUCATION],[ANY-JOB],33339
[ANY-GENDER],[Italy],[50-81],[ANY-EDUCATION],[ANY-JOB],55133
male,[Italy],[64-79],[Graduate School],[ANY-JOB],35611
male,[Italy],[64-79],[Graduate School],[ANY-JOB],33650
male,[Italy],[64-79],[Graduate School],[ANY-JOB],36560
[ANY-GENDER],[Italy],[37-88],[ANY-EDUCATION],[ANY-JOB],11755
[ANY-GENDER],[Italy],[37-88],[ANY-EDUCATION],[ANY-JOB],68265
[ANY-GENDER],[Italy],[37-88],[ANY-EDUCATION],[ANY-JOB],35024
female,[Italy],[72-76],[ANY-EDUCATION],[ANY-JOB],44806
female,[Italy],[72-76],[ANY-EDUCATION],[ANY-JOB],33671
female,[Italy],[72-76],[ANY-EDUCATION],[ANY-JOB],26180
[ANY-GENDER],[Italy],[56-84],[ANY-EDUCATION],[ANY-JOB],25354
[ANY-GENDER],[Italy],[56-84],[ANY-EDUCATION],[ANY-JOB],26854
[ANY-GENDER],[Italy],[56-84],[ANY-EDUCATION],[ANY-JOB],110249
male,[Italy],[46-76],[ANY-EDUCATION],[ANY-JOB],44635
male,[Italy],[46-76],[ANY-EDUCATION],[ANY-JOB],50294
male,[Italy],[46-76],[ANY-EDUCATION],[ANY-JOB],81537
male,[Italy],[56-89],[ANY-EDUCATION],[ANY-JOB],80388
male,[Italy],[56-89],[ANY-EDUCATION],[ANY-JOB],28426
male,[Italy],[56-89],[ANY-EDUCATION],[ANY-JOB],70835
female,[Italy],[43-84],[ANY-EDUCATION],[ANY-JOB],25456
female,[Italy],[43-84],[ANY-EDUCATION],[ANY-JOB],37558
female,[Italy],[43-84],[ANY-EDUCATION],[ANY-JOB],47785
[ANY-GENDER],[Italy],[54-88],[ANY-EDUCATION],[ANY-JOB],44614
[ANY-GENDER],[Italy],[54-88],[ANY-EDUCATION],[ANY-JOB],29876
[ANY-GENDER],[Italy],[54-88],[ANY-EDUCATION],[ANY-JOB],118042
[ANY-GENDER],[Italy],[53-88],[ANY-EDUCATION],[ANY-JOB],26318
[ANY-GENDER],[Italy],[53-88],[ANY-EDUCATION],[ANY-JOB],41516
[ANY-GENDER],[Italy],[53-88],[ANY-EDUCATION],[ANY-JOB],48649
female,[Italy],[21-83],Bachelor's Degree,[ANY-JOB],30864
female,[Italy],[21-83],Bachelor's Degree,[ANY-JOB],20747
female,[Italy],[21-83],Bachelor's Degree,[ANY-JOB],21540
[ANY-GENDER],[North],[30-76],[ANY-EDUCATION],[ANY-JOB],33455
[ANY-GENDER],[North],[30-76],[ANY-EDUCATION],[ANY-JOB],37434
[ANY-GENDER],[North],[30-76],[ANY-EDUCATION],[ANY-JOB],28027
female,[Italy],[22-89],[ANY-EDUCATION],[ANY-JOB],32087
female,[Italy],[22-89],[ANY-EDUCATION],[ANY-JOB],43665
female,[Italy],[22-89],[ANY-EDUCATION],[ANY-JOB],58629
female,[Italy],[24-49],[ANY-EDUCATION],[ANY-JOB],9319
female,[Italy],[24-49],[ANY-EDUCATION],[ANY-JOB],50175
female,[Italy],[24-49],[ANY-EDUCATION],[ANY-JOB],34003
male,[Italy],[22-58],[ANY-EDUCATION],[ANY-JOB],25162
male,[Italy],[22-58],[ANY-EDUCATION],[ANY-JOB],44910
male,[Italy],[22-58],[ANY-EDUCATION],[ANY-JOB],28626
[ANY-GENDER],[Italy],[35-87],[ANY-EDUCATION],[ANY-JOB],31137
[ANY-GENDER],[Italy],[35-87],[ANY-EDUCATION],[ANY-JOB],26588
[ANY-GENDER],[Italy],[35-87],[ANY-EDUCATION],[ANY-JOB],28049
male,[Italy],[47-84],[ANY-EDUCATION],[ANY-JOB],44387
male,[Italy],[47-84],[ANY-EDUCATION],[ANY-JOB],30272
male,[Italy],[47-84],[ANY-EDUCATION],[ANY-JOB],30917
female,[Italy],[57-66],[ANY-EDUCATION],[ANY-JOB],34020
female,[Italy],[57-66],[ANY-EDUCATION],[ANY-JOB],23723
female,[Italy],[57-66],[ANY-EDUCATION],[ANY-JOB],28520
[ANY-GENDER],[Italy],[19-73],High School,[Factory],36059
[ANY-GENDER],[Italy],[19-73],High School,[Factory],35661
[ANY-GENDER],[Italy],[19-73],High School,[Factory],29728
male,[Italy],[38-65],[ANY-EDUCATION],[ANY-JOB],35950
male,[Italy],[38-65],[ANY-EDUCATION],[ANY-JOB],25822
male,[Italy],[38-65],[ANY-EDUCATION],[ANY-JOB],35431
[ANY-GENDER],[Italy],[22-71],[ANY-EDUCATION],[ANY-JOB],20166
[ANY-GENDER],[Italy],[22-71],[ANY-EDUCATION],[ANY-JOB],26697
[ANY-GENDER],[Italy],[22-71],[ANY-EDUCATION],[ANY-JOB],27917
male,[Italy],[33-57],[ANY-EDUCATION],[ANY-JOB],22686
male,[Italy],[33-57],[ANY-EDUCATION],[ANY-JOB],34829
male,[Italy],[33-57],[ANY-EDUCATION],[ANY-JOB],30674
female,[Italy],[19-82],High School,[ANY-JOB],15404
female,[Italy],[19-82],High School,[ANY-JOB],28621
female,[Italy],[19-82],High School,[ANY-JOB],24668
[ANY-GENDER],[Italy],[29-83],High School,[ANY-JOB],22598
[ANY-GENDER],[Italy],[29-83],High School,[ANY-JOB],37770
[ANY-GENDER],[Italy],[29-83],High School,[ANY-JOB],32500
female,[Italy],[30-76],[ANY-EDUCATION],[ANY-JOB],31656
female,[Italy],[30-76],[ANY-EDUCATION],[ANY-JOB],38027
female,[Italy],[30-76],[ANY-EDUCATION],[ANY-JOB],84641
[ANY-GENDER],[North],[26-73],[ANY-EDUCATION],[ANY-JOB],57915
[ANY-GENDER],[North],[26-73],[ANY-EDUCATION],[ANY-JOB],18585
[ANY-GENDER],[North],[26-73],[ANY-EDUCATION],[ANY-JOB],18169
female,[Italy],[53-67],[ANY-EDUCATION],[ANY-JOB],18316
female,[Italy],[53-67],[ANY-EDUCATION],[ANY-JOB],29590
female,[Italy],[53-67],[ANY-EDUCATION],[ANY-JOB],36587
[ANY-GENDER],[Italy],[39-78],[ANY-EDUCATION],[ANY-JOB],24856
[ANY-GENDER],[Italy],[39-78],[ANY-EDUCATION],[ANY-JOB],22620
[ANY-GENDER],[Italy],[39-78],[ANY-EDUCATION],[ANY-JOB],32974
[ANY-GENDER],[Italy],[45-84],[ANY-EDUCATION],[ANY-JOB],20005
[ANY-GENDER],[Italy],[45-84],[ANY-EDUCATION],[ANY-JOB],60703
[ANY-GENDER],[Italy],[45-84],[ANY-EDUCATION],[ANY-JOB],67665
[ANY-GENDER],[Italy],[60-90],[ANY-EDUCATION],[ANY-JOB],33994
[ANY-GENDER],[Italy],[60-90],[ANY-EDUCATION],[ANY-JOB],49465
[ANY-GENDER],[Italy],[60-90],[ANY-EDUCATION],[ANY-JOB],24658
[ANY-GENDER],[Italy],[21-90],[ANY-EDUCATION],[ANY-JOB],26162
[ANY-GENDER],[Italy],[21-90],[ANY-EDUCATION],[ANY-JOB],44595
[ANY-GENDER],[Italy],[21-90],[ANY-EDUCATION],[ANY-JOB],30236
[ANY-GENDER],[Italy],[52-71],High School,[ANY-JOB],34977
[ANY-GENDER],[Italy],[52-71],High School,[ANY-JOB],29299
[ANY-GENDER],[Italy],[52-71],High School,[ANY-JOB],17738
[ANY-GENDER],[Italy],[22-73],High School,[ANY-JOB],29857
[ANY-GENDER],[Italy],[22-73],High School,[ANY-JOB],26440
[ANY-GENDER],[Italy],[22-73],High School,[ANY-JOB],22133
female,[Italy],[46-72],[ANY-EDUCATION],[ANY-JOB],36685
female,[Italy],[46-72],[ANY-EDUCATION],[ANY-JOB],25857
female,[Italy],[46-72],[ANY-EDUCATION],[ANY-JOB],64415
[ANY-GENDER],[Italy],[22-58],[ANY-EDUCATION],[ANY-JOB],36965
[ANY-GENDER],[Italy],[22-58],[ANY-EDUCATION],[ANY-JOB],31182
[ANY-GENDER],[Italy],[22-58],[ANY-EDUCATION],[ANY-JOB],18410
[ANY-GENDER],[Italy],[59-85],[ANY-EDUCATION],[ANY-JOB],23552
[ANY-GENDER],[Italy],[59-85],[ANY-EDUCATION],[ANY-JOB],20655
[ANY-GENDER],[Italy],[59-85],[ANY-EDUCATION],[ANY-JOB],27218
[ANY-GENDER],[South],[30-90],[ANY-EDUCATION],[ANY-JOB],33929
[ANY-GENDER],[South],[30-90],[ANY-EDUCATION],[ANY-JOB],29239
[ANY-GENDER],[South],[30-90],[ANY-EDUCATION],[ANY-JOB],18760
[ANY-GENDER],[Italy],[30-67],[ANY-EDUCATION],[ANY-JOB],20145
[ANY-GENDER],[Italy],[30-67],[ANY-EDUCATION],[ANY-JOB],40943
[ANY-GENDER],[Italy],[30-67],[ANY-EDUCATION],[ANY-JOB],60006
[ANY-GENDER],[Italy],[61-86],[ANY-EDUCATION],[ANY-JOB],25613
[ANY-GENDER],[Italy],[61-86],[ANY-EDUCATION],[ANY-JOB],81352
[ANY-GENDER],[Italy],[61-86],[ANY-EDUCATION],[ANY-JOB],36080
[ANY-GENDER],[Italy],[43-58],High School,[ANY-JOB],23065
[ANY-GENDER],[Italy],[43-58],High School,[ANY-JOB],30428
[ANY-GENDER],[Italy],[43-58],High School,[ANY-JOB],36001
[ANY-GENDER],[North],[62-63],[ANY-EDUCATION],[ANY-JOB],43415
[ANY-GENDER],[North],[62-63],[ANY-EDUCATION],[ANY-JOB],23430
[ANY-GENDER],[North],[62-63],[ANY-EDUCATION],[ANY-JOB],74528
male,[Italy],[28-88],[ANY-EDUCATION],[ANY-JOB],28948
male,[Italy],[28-88],[ANY-EDUCATION],[ANY-JOB],76601
male,[Italy],[28-88],[ANY-EDUCATION],[ANY-JOB],32601
[ANY-GENDER],[Italy],[43-58],[ANY-EDUCATION],[ANY-JOB],32184
[ANY-GENDER],[Italy],[43-58],[ANY-EDUCATION],[ANY-JOB],40467
[ANY-GENDER],[Italy],[43-58],[ANY-EDUCATION],[ANY-JOB],43399
[ANY-GENDER],[Italy],[21-67],High School,[ANY-JOB],16544
[ANY-GENDER],[Italy],[21-67],High School,[ANY-JOB],32546
[ANY-GENDER],[Italy],[21-67],High School,[ANY-JOB],29591
male,[Italy],[49-83],[ANY-EDUCATION],[ANY-JOB],20216
male,[Italy],[49-83],[ANY-EDUCATION],[ANY-JOB],30603
male,[Italy],[49-83],[ANY-EDUCATION],[ANY-JOB],38326
[ANY-GENDER],[Italy],[31-40],[ANY-EDUCATION],[ANY-JOB],26995
[ANY-GENDER],[Italy],[31-40],[ANY-EDUCATION],[ANY-JOB],35398
[ANY-GENDER],[Italy],[31-40],[ANY-EDUCATION],[ANY-JOB],22553
[ANY-GENDER],[Italy],[39-89],[ANY-EDUCATION],[ANY-JOB],29821
[ANY-GENDER],[Italy],[39-89],[ANY-EDUCATION],[ANY-JOB],68500
[ANY-GENDER],[Italy],[39-89],[ANY-EDUCATION],[ANY-JOB],31815
female,[Italy],[44-69],[ANY-EDUCATION],[ANY-JOB],27018
female,[Italy],[44-69],[ANY-EDUCATION],[ANY-JOB],32990
female,[Italy],[44-69],[ANY-EDUCATION],[ANY-JOB],51751
[ANY-GENDER],[Italy],[24-88],[ANY-EDUCATION],[ANY-JOB],18680
[ANY-GENDER],[Italy],[24-88],[ANY-EDUCATION],[ANY-JOB],29406
[ANY-GENDER],[Italy],[24-88],[ANY-EDUCATION],[ANY-JOB],40297
[ANY-GENDER],[Italy],[23-59],High School,[ANY-JOB],37702
[ANY-GENDER],[Italy],[23-59],High School,[ANY-JOB],43853
[ANY-GENDER],[Italy],[23-59],High School,[ANY-JOB],31582
[ANY-GENDER],[Italy],[32-45],[ANY-EDUCATION],[ANY-JOB],19954
[ANY-GENDER],[Italy],[32-45],[ANY-EDUCATION],[ANY-JOB],72625
[ANY-GENDER],[Italy],[32-45],[ANY-EDUCATION],[ANY-JOB],42662
[ANY-GENDER],[Italy],[62-76],[ANY-EDUCATION],[ANY-JOB],23181
[ANY-GENDER],[Italy],[62-76],[ANY-EDUCATION],[ANY-JOB],91102
[ANY-GENDER],[Italy],[62-76],[ANY-EDUCATION],[ANY-JOB],29299
[ANY-GENDER],[Italy],[69-83],[ANY-EDUCATION],[ANY-JOB],41277
[ANY-GENDER],[Italy],[69-83],[ANY-EDUCATION],[ANY-JOB],30172
[ANY-GENDER],[Italy],[69-83],[ANY-EDUCATION],[ANY-JOB],33238
male,[South],[49-73],[ANY-EDUCATION],[ANY-JOB],45431
male,[South],[49-73],[ANY-EDUCATION],[ANY-JOB],44709
male,[South],[49-73],[ANY-EDUCATION],[ANY-JOB],34867
[ANY-GENDER],[Italy],[57-81],[ANY-EDUCATION],[ANY-JOB],40226
[ANY-GENDER],[Italy],[57-81],[ANY-EDUCATION],[ANY-JOB],28097
[ANY-GENDER],[Italy],[57-81],[ANY-EDUCATION],[ANY-JOB],38064
[ANY-GENDER],[Italy],[67-84],[ANY-EDUCATION],[ANY-JOB],35630
[ANY-GENDER],[Italy],[67-84],[ANY-EDUCATION],[ANY-JOB],37765
[ANY-GENDER],[Italy],[67-84],[ANY-EDUCATION],[ANY-JOB],33581
[ANY-GENDER],[North],[26-82],[ANY-EDUCATION],[ANY-JOB],38007
[ANY-GENDER],[North],[26-82],[ANY-EDUCATION],[ANY-JOB],91015
[ANY-GENDER],[North],[26-82],[ANY-EDUCATION],[ANY-JOB],29820
male,[Italy],[22-85],[ANY-EDUCATION],[ANY-JOB],29692
male,[Italy],[22-85],[ANY-EDUCATION],[ANY-JOB],38295
male,[Italy],[22-85],[ANY-EDUCATION],[ANY-JOB],29755
[ANY-GENDER],[North],[18-59],High School,[ANY-JOB],18096
[ANY-GENDER],[North],[18-59],High School,[ANY-JOB],36297
[ANY-GENDER],[North],[18-59],High School,[ANY-JOB],25673
[ANY-GENDER],[Italy],[28-66],[ANY-EDUCATION],[ANY-JOB],44026
[ANY-GENDER],[Italy],[28-66],[ANY-EDUCATION],[ANY-JOB],21853
[ANY-GENDER],[Italy],[28-66],[ANY-EDUCATION],[ANY-JOB],67455
[ANY-GENDER],[Italy],[19-69],[ANY-EDUCATION],[ANY-JOB],13607
[ANY-GENDER],[Italy],[19-69],[ANY-EDUCATION],[ANY-JOB],24624
[ANY-GENDER],[Italy],[19-69],[ANY-EDUCATION],[ANY-JOB],65507
female,[Italy],[35-77],[ANY-EDUCATION],[ANY-JOB],34200
female,[Italy],[35-77],[ANY-EDUCATION],[ANY-JOB],20104
female,[Italy],[35-77],[ANY-EDUCATION],[ANY-JOB],33165
[ANY-GENDER],[Italy],[28-52],[ANY-EDUCATION],[ANY-JOB],33198
[ANY-GENDER],[Italy],[28-52],[ANY-EDUCATION],[ANY-JOB],29984
[ANY-GENDER],[Italy],[28-52],[ANY-EDUCATION],[ANY-JOB],43686
[ANY-GENDER],[Italy],[30-88],[ANY-EDUCATION],[ANY-JOB],46383
[ANY-GENDER],[Italy],[30-88],[ANY-EDUCATION],[ANY-JOB],48011
[ANY-GENDER],[Italy],[30-88],[ANY-EDUCATION],[ANY-JOB],20473
[ANY-GENDER],[Midlle],[21-63],[ANY-EDUCATION],[ANY-JOB],40715
[ANY-GENDER],[Midlle],[21-63],[ANY-EDUCATION],[ANY-JOB],38163
[ANY-GENDER],[Midlle],[21-63],[ANY-EDUCATION],[ANY-JOB],72959
[ANY-GENDER],[Italy],[38-72],[ANY-EDUCATION],[ANY-JOB],37241
[ANY-GENDER],[Italy],[38-72],[ANY-EDUCATION],[ANY-JOB],27034
[ANY-GENDER],[Italy],[38-72],[ANY-EDUCATION],[ANY-JOB],43064
[ANY-GENDER],[North],[53-77],[ANY-EDUCATION],[ANY-JOB],40794
[ANY-GENDER],[North],[53-77],[ANY-EDUCATION],[ANY-JOB],30571
[ANY-GENDER],[North],[53-77],[ANY-EDUCATION],[ANY-JOB],18376
female,[Italy],[23-74],[ANY-EDUCATION],[ANY-JOB],29133
female,[Italy],[23-74],[ANY-EDUCATION],[ANY-JOB],35647
female,[Italy],[23-74],[ANY-EDUCATION],[ANY-JOB],52873
[ANY-GENDER],[Italy],[35-52],[Graduate School],[ANY-JOB],27343
[ANY-GENDER],[Italy],[35-52],[Graduate School],[ANY-JOB],89110
[ANY-GENDER],[Italy],[35-52],[Graduate School],[ANY-JOB],43862
[ANY-GENDER],[Italy],[31-73],[ANY-EDUCATION],[ANY-JOB],35402
[ANY-GENDER],[Italy],[31-73],[ANY-EDUCATION],[ANY-JOB],25679
[ANY-GENDER],[Italy],[31-73],[ANY-EDUCATION],[ANY-JOB],30729
[ANY-GENDER],[Italy],[33-73],[Graduate School],[ANY-JOB],30534
[ANY-GENDER],[Italy],[33-73],[Graduate School],[ANY-JOB],47062
[ANY-GENDER],[Italy],[33-73],[Graduate School],[ANY-JOB],81718
[ANY-GENDER],[Italy],[77-89],[ANY-EDUCATION],[ANY-JOB],32400
[ANY-GENDER],[Italy],[77-89],[ANY-EDUCATION],[ANY-JOB],35182
[ANY-GENDER],[Italy],[77-89],[ANY-EDUCATION],[ANY-JOB],42542
male,[Italy],[42-66],[ANY-EDUCATION],[ANY-JOB],27272
male,[Italy],[42-66],[ANY-EDUCATION],[ANY-JOB],37954
male,[Italy],[42-66],[ANY-EDUCATION],[ANY-JOB],64997
[ANY-GENDER],[Italy],[56-83],[ANY-EDUCATION],[ANY-JOB],24850
[ANY-GENDER],[Italy],[56-83],[ANY-EDUCATION],[ANY-JOB],90291
[ANY-GENDER],[Italy],[56-83],[ANY-EDUCATION],[ANY-JOB],38589
[ANY-GENDER],[Italy],[50-84],[ANY-EDUCATION],[ANY-JOB],25546
[ANY-GENDER],[Italy],[50-84],[ANY-EDUCATION],[ANY-JOB],34122
[ANY-GENDER],[Italy],[50-84],[ANY-EDUCATION],[ANY-JOB],29982
male,[Italy],[49-73],[ANY-EDUCATION],[ANY-JOB],30059
male,[Italy],[49-73],[ANY-EDUCATION],[ANY-JOB],48806
male,[Italy],[49-73],[ANY-EDUCATION],[ANY-JOB],43775
[ANY-GENDER],[Italy],[25-50],[ANY-EDUCATION],[ANY-JOB],30089
[ANY-GENDER],[Italy],[25-50],[ANY-EDUCATION],[ANY-JOB],18845
[ANY-GENDER],[Italy],[25-50],[ANY-EDUCATION],[ANY-JOB],48833
[ANY-GENDER],[Italy],[27-85],[ANY-EDUCATION],[ANY-JOB],26821
[ANY-GENDER],[Italy],[27-85],[ANY-EDUCATION],[ANY-JOB],28110
[ANY-GENDER],[Italy],[27-85],[ANY-EDUCATION],[ANY-JOB],58824
[ANY-GENDER],[Italy],[47-75],[ANY-EDUCATION],[ANY-JOB],19618
[ANY-GENDER],[Italy],[47-75],[ANY-EDUCATION],[ANY-JOB],37732
[ANY-GENDER],[Italy],[47-75],[ANY-EDUCATION],[ANY-JOB],47626
male,[Italy],[40-75],[ANY-EDUCATION],[ANY-JOB],34111
male,[Italy],[40-75],[ANY-EDUCATION],[ANY-JOB],24650
male,[Italy],[40-75],[ANY-EDUCATION],[ANY-JOB],36653
[ANY-GENDER],[Italy],[28-46],High School,[ANY-JOB],37470
[ANY-GENDER],[Italy],[28-46],High School,[ANY-JOB],33550
[ANY-GENDER],[Italy],[28-46],High School,[ANY-JOB],25702
[ANY-GENDER],[Italy],[27-63],[ANY-EDUCATION],[ANY-JOB],31232
[ANY-GENDER],[Italy],[27-63],[ANY-EDUCATION],[ANY-JOB],21147
[ANY-GENDER],[Italy],[27-63],[ANY-EDUCATION],[ANY-JOB],25424
[ANY-GENDER],[Italy],[48-72],[ANY-EDUCATION],[ANY-JOB],27907
[ANY-GENDER],[Italy],[48-72],[ANY-EDUCATION],[ANY-JOB],30764
[ANY-GENDER],[Italy],[48-72],[ANY-EDUCATION],[ANY-JOB],32866
[ANY-GENDER],[Italy],[28-52],[ANY-EDUCATION],[ANY-JOB],26875
[ANY-GENDER],[Italy],[28-52],[ANY-EDUCATION],[ANY-JOB],45476
[ANY-GENDER],[Italy],[28-52],[ANY-EDUCATION],[ANY-JOB],32927
[ANY-GENDER],[Italy],[18-62],[ANY-EDUCATION],[ANY-JOB],31837
[ANY-GENDER],[Italy],[18-62],[ANY-EDUCATION],[ANY-JOB],70629
[ANY-GENDER],[Italy],[18-62],[ANY-EDUCATION],[ANY-JOB],30724
[ANY-GENDER],[Italy],[41-65],High School,[ANY-JOB],29477
[ANY-GENDER],[Italy],[41-65],High School,[ANY-JOB],33800
[ANY-GENDER],[Italy],[41-65],High School,[ANY-JOB],33903
[ANY-GENDER],[Italy],[48-72],[ANY-EDUCATION],[ANY-JOB],27789
[ANY-GENDER],[Italy],[48-72],[ANY-EDUCATION],[ANY-JOB],13399
[ANY-GENDER],[Italy],[48-72],[ANY-EDUCATION],[ANY-JOB],89672
male,[Lombardia],[72-88],[ANY-EDUCATION],[ANY-JOB],24896
male,[Lombardia],[72-88],[ANY-EDUCATION],[ANY-JOB],80716
male,[Lombardia],[72-88],[ANY-EDUCATION],[ANY-JOB],35260
[ANY-GENDER],[Italy],[22-78],[ANY-EDUCATION],[ANY-JOB],18720
[ANY-GENDER],[Italy],[22-78],[ANY-EDUCATION],[ANY-JOB],36045
[ANY-GENDER],[Italy],[22-78],[ANY-EDUCATION],[ANY-JOB],29545
[ANY-GENDER],[Italy],[38-55],High School,[ANY-JOB],21661
[ANY-GENDER],[Italy],[38-55],High School,[ANY-JOB],9707
[ANY-GENDER],[Italy],[38-55],High School,[ANY-JOB],40907
[ANY-GENDER],[Italy],[52-89],[ANY-EDUCATION],[ANY-JOB],45885
[ANY-GENDER],[Italy],[52-89],[ANY-EDUCATION],[ANY-JOB],37315
[ANY-GENDER],[Italy],[52-89],[ANY-EDUCATION],[ANY-JOB],16337
female,[Italy],[34-70],[ANY-EDUCATION],[ANY-JOB],19770
female,[Italy],[34-70],[ANY-EDUCATION],[ANY-JOB],29416
female,[Italy],[34-70],[ANY-EDUCATION],[ANY-JOB],25183
[ANY-GENDER],[Italy],[19-68],High School,[ANY-JOB],43809
[ANY-GENDER],[Italy],[19-68],High School,[ANY-JOB],33870
[ANY-GENDER],[Italy],[19-68],High School,[ANY-JOB],20019
[ANY-GENDER],[Italy],[24-85],High School,[ANY-JOB],38960
[ANY-GENDER],[Italy],[24-85],High School,[ANY-JOB],30824
[ANY-GENDER],[Italy],[24-85],High School,[ANY-JOB],38424
[ANY-GENDER],[Italy],[20-76],[ANY-EDUCATION],[ANY-JOB],18908
[ANY-GENDER],[Italy],[20-76],[ANY-EDUCATION],[ANY-JOB],20589
[ANY-GENDER],[Italy],[20-76],[ANY-EDUCATION],[ANY-JOB],24032
[ANY-GENDER],[Italy],[29-85],[ANY-EDUCATION],[ANY-JOB],30420
[ANY-GENDER],[Italy],[29-85],[ANY-EDUCATION],[ANY-JOB],26966
[ANY-GENDER],[Italy],[29-85],[ANY-EDUCATION],[ANY-JOB],28898
[ANY-GENDER],[North],[45-83],High School,[ANY-JOB],41544
[ANY-GENDER],[North],[45-83],High School,[ANY-JOB],11472
[ANY-GENDER],[North],[45-83],High School,[ANY-JOB],33453
[ANY-GENDER],[Italy],[20-89],[ANY-EDUCATION],[ANY-JOB],31149
[ANY-GENDER],[Italy],[20-89],[ANY-EDUCATION],[ANY-JOB],33893
[ANY-GENDER],[Italy],[20-89],[ANY-EDUCATION],[ANY-JOB],43910
[ANY-GENDER],[Italy],[38-80],High School,[ANY-JOB],17119
[ANY-GENDER],[Italy],[38-80],High School,[ANY-JOB],26715
[ANY-GENDER],[Italy],[38-80],High School,[ANY-JOB],35797
[ANY-GENDER],[North],[29-50],[ANY-EDUCATION],[ANY-JOB],32139
[ANY-GENDER],[North],[29-50],[ANY-EDUCATION],[ANY-JOB],37670
[ANY-GENDER],[North],[29-50],[ANY-EDUCATION],[ANY-JOB],70359
[ANY-GENDER],[Italy],[53-72],[ANY-EDUCATION],[ANY-JOB],44478
[ANY-GENDER],[Italy],[53-72],[ANY-EDUCATION],[ANY-JOB],57347
[ANY-GENDER],[Italy],[53-72],[ANY-EDUCATION],[ANY-JOB],25985
male,[Italy],[30-72],[ANY-EDUCATION],[ANY-JOB],41470
male,[Italy],[30-72],[ANY-EDUCATION],[ANY-JOB],25488
male,[Italy],[30-72],[ANY-EDUCATION],[ANY-JOB],29908
[ANY-GENDER],[Italy],[29-69],[ANY-EDUCATION],[ANY-JOB],23823
[ANY-GENDER],[Italy],[29-69],[ANY-EDUCATION],[ANY-JOB],22411
[ANY-GENDER],[Italy],[29-69],[ANY-EDUCATION],[ANY-JOB],43840
[ANY-GENDER],[Italy],[33-57],Bachelor's Degree,[ANY-JOB],54460
[ANY-GENDER],[Italy],[33-57],Bachelor's Degree,[ANY-JOB],29654
[ANY-GENDER],[Italy],[33-57],Bachelor's Degree,[ANY-JOB],45561
[ANY-GENDER],[South],[55-82],[ANY-EDUCATION],[ANY-JOB],29733
[ANY-GENDER],[South],[55-82],[ANY-EDUCATION],[ANY-JOB],44699
[ANY-GENDER],[South],[55-82],[ANY-EDUCATION],[ANY-JOB],48375
female,[Italy],[28-66],[ANY-EDUCATION],[ANY-JOB],31134
female,[Italy],[28-66],[ANY-EDUCATION],[ANY-JOB],23391
female,[Italy],[28-66],[ANY-EDUCATION],[ANY-JOB],46693
[ANY-GENDER],[Italy],[30-88],[ANY-EDUCATION],[ANY-JOB],27306
[ANY-GENDER],[Italy],[30-88],[ANY-EDUCATION],[ANY-JOB],47563
[ANY-GENDER],[Italy],[30-88],[ANY-EDUCATION],[ANY-JOB],66928
[ANY-GENDER],[Italy],[39-64],[ANY-EDUCATION],[ANY-JOB],59238
[ANY-GENDER],[Italy],[39-64],[ANY-EDUCATION],[ANY-JOB],33930
[ANY-GENDER],[Italy],[39-64],[ANY-EDUCATION],[ANY-JOB],26787
[ANY-GENDER],[Italy],[42-76],[ANY-EDUCATION],[ANY-JOB],38550
[ANY-GENDER],[Italy],[42-76],[ANY-EDUCATION],[ANY-JOB],33363
[ANY-GENDER],[Italy],[42-76],[ANY-EDUCATION],[ANY-JOB],23787
[ANY-GENDER],[Italy],[51-64],[ANY-EDUCATION],[ANY-JOB],31831
[ANY-GENDER],[Italy],[51-64],[ANY-EDUCATION],[ANY-JOB],118184
[ANY-GENDER],[Italy],[51-64],[ANY-EDUCATION],[ANY-JOB],46221
[ANY-GENDER],[Italy],[41-63],[ANY-EDUCATION],[ANY-JOB],30187
[ANY-GENDER],[Italy],[41-63],[ANY-EDUCATION],[ANY-JOB],47505
[ANY-GENDER],[Italy],[41-63],[ANY-EDUCATION],[ANY-JOB],19098
female,[Italy],[57-66],[ANY-EDUCATION],[ANY-JOB],35141
female,[Italy],[57-66],[ANY-EDUCATION],[ANY-JOB],32930
female,[Italy],[57-66],[ANY-EDUCATION],[ANY-JOB],36568
[ANY-GENDER],[Italy],[64-77],[ANY-EDUCATION],[ANY-JOB],25514
[ANY-GENDER],[Italy],[64-77],[ANY-EDUCATION],[ANY-JOB],56409
[ANY-GENDER],[Italy],[64-77],[ANY-EDUCATION],[ANY-JOB],18338
[ANY-GENDER],[Italy],[27-71],High School,[ANY-JOB],21540
[ANY-GENDER],[Italy],[27-71],High School,[ANY-JOB],37880
[ANY-GENDER],[Italy],[27-71],High School,[ANY-JOB],15658
male,[Italy],[35-81],[ANY-EDUCATION],[ANY-JOB],46002
male,[Italy],[35-81],[ANY-EDUCATION],[ANY-JOB],59727
male,[Italy],[35-81],[ANY-EDUCATION],[ANY-JOB],44409
[ANY-GENDER],[Italy],[39-56],[ANY-EDUCATION],[ANY-JOB],28467
[ANY-GENDER],[Italy],[39-56],[ANY-EDUCATION],[ANY-JOB],72435
[ANY-GENDER],[Italy],[39-56],[ANY-EDUCATION],[ANY-JOB],34800
male,[Italy],[80-87],[Graduate School],[ANY-JOB],36904
male,[Italy],[80-87],[Graduate School],[ANY-JOB],52951
male,[Italy],[80-87],[Graduate School],[ANY-JOB],75231
[ANY-GENDER],[Italy],[28-77],High School,[ANY-JOB],32813
[ANY-GENDER],[Italy],[28-77],High School,[ANY-JOB],30053
[ANY-GENDER],[Italy],[28-77],High School,[ANY-JOB],26805
