person_id,first_name,last_name,gender,city,age,profession,education,annual_income
c323096b,Dawn,Berry,female,Virginia Beach,87,Hotel Executive Chef,High School,38865
dde24b4f,Elizabeth,Meyer,female,Aurora,69,Industrial Machine Assembler,High School,28645
5c9a690e,Jonathan,Garcia,male,Springfield,27,Packaging Process Inspector,High School,33177
61a0d2ca,Christopher,Bell,male,Dallas,80,CT Scan Technician,Master's Degree,29373
7b6bd159,Melissa,Simmons,female,Tampa,67,Children's Book Illustrator,High School,20244
9dce6f2d,Ian,Grant,male,Houston,40,Pianist,High School,34168
784e89fc,Joseph,Miller,male,Worcester,40,Drama Movie Actor,High School,26742
5b8a1f33,Barbara,Vega,female,Columbus,84,Assembly Process Inspector,High School,34862
b53759aa,William,Reeves,male,Grand Rapids,86,Rehabilitation Occupational Therapist,Doctoral Degree,34379
ddd51f16,Pamela,Rocha,female,Aurora,54,Soil Conservation Technician,Bachelor's Degree,27456
b68893a6,William,Chavez,male,Rochester,61,MRI Technician,Master's Degree,26994
8eab7f19,Miranda,Sawyer,female,San Francisco,43,Adjunct Professor,Master's Degree,59511
7f239b96,Monique,Black,female,Spokane,88,Wood Sculptor,High School,39412
63196e38,Brianna,Doyle,female,San Diego,54,Intellectual Property Lawyer,Master's Degree,76768
c4de91da,Jason,Thompson,male,Springfield,30,Warehouse Supervisor,Bachelor's Degree,29160
7242bba2,Alyssa,Cook,female,San Diego,18,Children's Book Illustrator,High School,26217
37d23853,Stacey,Wilson,female,Pittsburgh,34,Laundry Attendant,Bachelor's Degree,43434
64537167,Janet,Wade,female,Miami,66,Circuit Board Assembler,High School,24720
aad146bb,Carolyn,Gamble,female,Warren,88,Preschool Teacher,Master's Degree,29643
653c547b,Ashley,Reyes,female,Spokane,77,Textile Inspector,High School,29030
f5ace438,Paula,Rogers,female,Houston,38,Digital Illustrator,High School,32556
7367e70c,Ronald,Caldwell,male,Naperville,76,Labor and Delivery Nurse,Master's Degree,32629
15bb3229,Richard,Parker,male,Rochester,38,Clinical Laboratory Technician,Doctoral Degree,28728
718221bd,Nicholas,Rodgers,male,Naperville,54,Violinist,High School,37969
3e7f05c2,Holly,Chen,female,Rochester,80,Hotel Pastry Chef,High School,34753
a5fbc127,Thomas,Nelson,male,Chicago,74,Computer Science Teacher,Doctoral Degree,44307
2fbbdc2c,Jennifer,Nolan,female,Tacoma,51,Milling Machine Operator,High School,24147
5253116e,Nicole,Cox,female,Allentown,59,Restaurant Executive Chef,High School,34417
46e34024,Shannon,Anderson,female,Tampa,71,Hotel Pastry Chef,High School,39505
9ed56d39,Dawn,Ford,female,Las Vegas,57,Lathe Operator,High School,28882
dc848c60,Shawn,Melton,male,Allentown,31,Cashier,Bachelor's Degree,22781
b63e743d,Daniel,Stone,male,Las Vegas,21,Guitarist,High School,41130
350ecf62,Donald,Weiss,male,Los Angeles,70,Civil Court Judge,Doctoral Degree,68390
c52497bb,Richard,Hogan,male,Houston,18,Punch Press Operator,High School,22797
9fb82299,Jasmine,Jones,female,Chesapeake,31,Pop Singer,High School,21249
de08aff3,Lori,Krueger,female,San Francisco,75,Pediatrician,Doctoral Degree,66403
4c7862e8,Hayley,Jordan,female,Los Angeles,51,Electronics Inspector,High School,31046
2bb98359,Cody,Michael,male,Augusta,29,Resort Executive Chef,High School,31770
23bf0a4b,Steven,White,male,Norfolk,75,Grade 1 Teacher,Master's Degree,31201
13e77c0d,William,Brown,male,Dallas,25,Display Coordinator,Bachelor's Degree,21467
306ef792,Lawrence,Durham,male,Austin,31,Organic Farm Manager,Bachelor's Degree,26191
6abfc893,Thomas,Patterson,male,Columbus,22,ADR Voice Actor,High School,40999
dede2a20,Haley,West,female,Henderson,84,Restaurant Sous Chef,High School,30161
cbcc5527,Sharon,Kelley,female,San Francisco,33,Renewable Energy Engineer,Bachelor's Degree,41137
67492329,Jason,Murray,male,Rochester,28,Wedding Planner,Bachelor's Degree,30391
e7af58ea,David,Bolton,male,Austin,18,Hotel Pastry Chef,High School,29843
f5b1704e,Tony,Medina,male,Tampa,75,ADR Voice Actor,High School,37330
39c59d6f,Linda,Thompson,female,Seattle,71,Electrical Systems Assembler,High School,29642
822fda63,Richard,Brown,male,Springfield,22,Specialty Drink Barista,High School,18732
5eaf0fb1,Christopher,Chaney,male,Allentown,46,Labor Judge,Doctoral Degree,89384
d6f18c87,Christian,Walton,male,Henderson,60,Coffee Barista,High School,20535
457ed824,William,Smith,male,Allentown,89,Prosecutor,Doctoral Degree,74568
a444ae9c,Jennifer,Levine,female,Warren,34,Coffee Barista,High School,21280
bf7e83e9,Javier,Blackwell,male,Seattle,55,Action Movie Actor,High School,48964
4cc6e8d3,Sara,Johnson,female,Orlando,57,MRI Technician,Doctoral Degree,30052
bfa9e40d,Benjamin,Gomez,male,Naperville,55,Electrical Systems Assembler,High School,27526
2c8ce3cf,Pamela,Jennings,female,Warren,25,Action Movie Actor,High School,48150
32cac86f,Andrea,Brown,female,Los Angeles,81,Hip-Hop Dancer,High School,22909
bf67840a,David,Diaz,male,Dallas,60,Stone Sculptor,High School,35431
46dc8b8c,Lisa,Stanley,female,Las Vegas,90,Computer Science Teacher,Doctoral Degree,41790
ca2d1d78,Cynthia,Bond,female,Dallas,49,Geriatric Occupational Therapist,Master's Degree,31221
8af01c81,Christy,Smith,female,Rochester,78,Musical Theater Actor,High School,26308
a09b332d,Randall,Blackwell,male,Norfolk,89,Critical Care Nurse,Master's Degree,42583
8bc92bd5,Spencer,Hensley,male,New York City,44,History Teacher,Doctoral Degree,36467
2019b010,Laurie,Alvarez,female,Norfolk,28,Electrical Systems Assembler,High School,26876
740d0999,Matthew,Harris,male,Columbus,49,Musical Theater Choreographer,High School,25636
8b4c8f7c,Brianna,Guzman,female,Henderson,78,Federal Appellate Judge,Master's Degree,65233
571b0b79,John,Torres,male,Virginia Beach,48,Classical Composer,High School,21595
e3f273e7,Donald,Guerrero,male,Chesapeake,27,Soil Scientist,Bachelor's Degree,38852
659a2ccd,Troy,Duran,male,Springfield,72,Video Game Voice Actor,High School,21987
c62581fe,Vincent,Lewis,male,Rochester,28,Manufacturing Process Inspector,High School,32505
07ab5957,Michelle,Mcmillan,female,Seattle,63,Endowed Chair,Doctoral Degree,78837
16c7ef3f,Mark,West,male,Miami,33,Commercial Photographer,High School,38476
c0cb83a0,Jamie,Miller,female,Boston,19,Pianist,High School,24654
192f24fb,Peter,Ferguson,male,Tacoma,57,Electronics Store Manager,Bachelor's Degree,23107
a741bb08,Diane,Sweeney,female,Houston,82,Postdoctoral Researcher,Doctoral Degree,58242
24b2ec8d,Ann,Brown,female,Henderson,69,Wood Sculptor,High School,39432
67bbd9ab,Michael,Strong,male,Aurora,45,Resort Executive Chef,High School,39169
780e3e1b,Monica,Nguyen,female,Rochester,85,Portrait Photographer,High School,32277
4ba339b9,Michelle,Rodriguez,female,Orlando,37,Electronics Inspector,High School,27780
5fae2a29,Aimee,Marks,female,Rochester,68,City Tour Guide,Bachelor's Degree,29155
89df63ef,Jennifer,Evans,female,Warren,71,Labor Judge,Master's Degree,72874
e1902592,Marie,Smith,female,Columbus,30,Wood Sculptor,High School,31629
3bc74976,Lisa,Brown,female,Atlanta,34,Drama Movie Actor,High School,38839
829e5c76,Amber,Webb,female,Buffalo,47,Classical Theater Actor,High School,30283
d5507839,Stacey,Boyd,female,Tacoma,71,Pathology Technician,Master's Degree,30761
a1c638f5,Jessica,Cummings,female,Philadelphia,44,Commercial Photographer,High School,26952
cc137d66,Diana,Benjamin,female,Naperville,84,Coffee Barista,High School,18838
aff05ac4,Erik,Hamilton,male,Pittsburgh,37,Soil Scientist,Bachelor's Degree,39955
0911079d,Brandon,Peters,male,Chesapeake,50,Tea Barista,High School,18705
0e3547bb,Dennis,Perez,male,San Diego,49,Hip-Hop Dancer,High School,31327
b7434c25,Michelle,Patton,female,San Francisco,55,Hospital Pharmacy Technician,Master's Degree,33998
2c44538d,Nicole,Arnold,female,Grand Rapids,70,Metallurgical Engineer,Bachelor's Degree,37838
f51b73bd,Laurie,Ayala,female,Augusta,55,Civil Magistrate,Master's Degree,58697
4f53311d,Matthew,Edwards,male,Philadelphia,51,Cardiothoracic Surgeon,Master's Degree,67851
9bc5973f,Morgan,Avery,female,Seattle,53,Customer Service Associate,Bachelor's Degree,29694
64e92160,Melanie,Steele,female,Columbus,42,Robotics Engineer,Bachelor's Degree,46177
e910207d,Maria,Glover,female,Virginia Beach,23,Assembly Process Inspector,High School,29160
50a9a111,Scott,Gray,male,Henderson,62,Mechanical Parts Inspector,High School,26300
5ff7b080,Sherry,Bowman,female,San Francisco,69,Clothing Wholesale Manager,Bachelor's Degree,25465
fbe3892e,Jennifer,Gallagher,female,Rochester,90,Environmental Judge,Master's Degree,80479
41ddf717,Christina,Young,female,Atlanta,26,Manufacturing Process Inspector,High School,29423
e5eb9ee7,John,Kelly,male,Seattle,76,Night Auditor,Bachelor's Degree,42283
45959b7e,Lindsay,Cole,female,Warren,76,Customer Service Associate,Bachelor's Degree,20242
1a8412e2,John,Poole,male,Atlanta,47,Hydraulic Press Operator,High School,26685
a05a3100,Kenneth,Rodriguez,male,Miami,40,Electronic Composer,High School,23414
133c3a68,Laura,Mcdonald,female,Chesapeake,20,Event Bartender,High School,18231
2130232c,Catherine,Miller,female,Aurora,22,Watercolor Painter,High School,38009
d78b141f,Zachary,Hunter,male,Houston,26,Film Composer,High School,33152
6273164e,Lisa,Griffith,female,Seattle,74,Portrait Photographer,High School,20960
7fb5075e,Isaiah,Lopez,male,Boston,67,Clinical Laboratory Technician,Doctoral Degree,25062
d1ecedc8,Logan,Wilson,male,Warren,45,Commercial Farm Manager,Bachelor's Degree,26991
5c904c18,Sharon,Lloyd,female,San Francisco,66,Event Bartender,High School,17058
138fcbc8,Heidi,Benitez,female,Reno,32,Environmental Compliance Inspector,High School,26088
e9136e7b,Stephanie,Hebert,female,Austin,46,Surgeon,Master's Degree,103260
f9be7a14,Kimberly,Johnson,female,Chesapeake,71,Preschool Teacher,Master's Degree,33395
ac6dac6e,Matthew,Ball,male,Los Angeles,82,Powertrain Engineer,Bachelor's Degree,40566
5f01c616,Julie,Martin,female,Atlanta,39,Comedy Movie Actor,High School,46253
bc5dc2c8,Maria,Mitchell,female,Naperville,82,Pediatric Speech Therapist,Master's Degree,31346
fc112eea,Edward,Simmons,male,Augusta,67,Ballet Choreographer,High School,30069
9d87b1dd,Joyce,Maldonado,female,Houston,32,State Appellate Judge,Master's Degree,76100
99ee870f,Diana,Woods,female,San Diego,70,Bridge Engineer,Bachelor's Degree,45300
185a8113,Gabriel,Rodriguez,male,Buffalo,69,Portrait Photographer,High School,30050
0a37efc9,Amanda,Lucas,female,Grand Rapids,88,Tea Barista,High School,15604
d9330392,James,Bradford,male,Spokane,60,Cruise Travel Agent,Bachelor's Degree,33546
366357ac,Brenda,Wright,female,Henderson,41,Clothing Store Manager,Bachelor's Degree,28839
382b91be,Melissa,Stuart,female,Dallas,40,Pianist,High School,23687
6f73c53b,Donald,Sanchez,male,Boston,89,Electronic Composer,High School,44344
52f593fe,Barry,Taylor,male,Columbus,42,Landscape Photographer,High School,25720
afa7c2eb,Joseph,Simmons,male,Houston,50,Defense Lawyer,Master's Degree,74280
500f7170,Denise,Wilson,female,Philadelphia,56,Quality Control Scientist,Bachelor's Degree,37965
0a1b9e00,Michael,Simmons,male,Reno,18,Children's Book Illustrator,High School,24733
cd00fe5b,Becky,Francis,female,Detroit,40,Grain Farmer,Bachelor's Degree,20108
3289461e,Brenda,Sullivan,female,Tacoma,30,Portrait Photographer,High School,21473
a1e6ce7e,William,Strickland,male,Worcester,30,Electronics Inspector,High School,30477
c7169da6,Belinda,Jones,female,Grand Rapids,74,Ceramic Engineer,Bachelor's Degree,42601
b2db29a8,Tyler,Fowler,male,Dallas,21,Room Attendant,Bachelor's Degree,28647
b0e32d13,Lori,Cross,female,Chicago,69,Adventure Tour Guide,Bachelor's Degree,22427
68fac842,Frank,Lee,male,Augusta,55,Banquet Waiter,High School,24297
9291599b,Tanya,Erickson,female,Philadelphia,77,Department Head,Doctoral Degree,75979
34989a68,Dawn,Alexander,female,Spokane,39,Commercial Photographer,High School,39770
e870bb1c,Morgan,Parks,female,Buffalo,50,Component Assembler,High School,26946
4cb5013d,Brian,Mendez,male,Virginia Beach,41,Field Sales Representative,Bachelor's Degree,22905
a836d6ca,Kristina,Butler,female,Pittsburgh,48,Hospital Pharmacy Technician,Doctoral Degree,26730
433214b0,Steven,Torres,male,Dallas,49,History Teacher,Doctoral Degree,28200
67650c41,Alex,Fritz,male,Buffalo,46,Product Development Scientist,Bachelor's Degree,33109
2d4dfe61,Kayla,Cook,female,Warren,60,Immigration Judge,Doctoral Degree,94222
10d61700,Raymond,Rivera,male,Norfolk,18,Musical Theater Actor,High School,36704
f143768f,Christina,Mason,female,Allentown,70,Child Custody Lawyer,Doctoral Degree,68341
67dd4495,John,Strickland,male,Grand Rapids,19,Textile Inspector,High School,25807
b7e174b9,Madison,Gordon,female,Spokane,83,Comedy Movie Actor,High School,28597
d0ba0e41,Claire,Wright,female,Detroit,53,Abstract Painter,High School,21743
907cbef3,Kathy,Hill,female,Naperville,45,Video Game Voice Actor,High School,38507
216f7a49,Erin,Estrada,female,Chicago,59,Vehicle Design Engineer,Bachelor's Degree,35180
7121c14e,Julia,Montes,female,Tampa,51,Hip-Hop Dancer,High School,23900
ac2e72bf,William,Cardenas,male,Augusta,44,Quality Control Manager,Bachelor's Degree,40161
adaf2b21,Melissa,Brown,female,Orlando,56,Mechanical Parts Inspector,High School,32930
e49eea10,Donald,Murphy,male,Allentown,23,Ballet Dancer,High School,34450
a240b1c9,Curtis,Taylor,male,Rochester,71,Civil Court Judge,Master's Degree,97765
1e4568b4,Adam,Charles,male,Allentown,46,Cocktail Bartender,High School,20422
23a965c1,Sarah,Lee,female,Naperville,85,Contemporary Choreographer,High School,31227
6480f168,Vincent,Perez,male,Philadelphia,77,Cocktail Bartender,High School,22215
b5aec32a,Michael,Williams,male,Warren,39,Classical Composer,High School,22284
83efedf8,William,Armstrong,male,Augusta,34,Rock Mechanics Engineer,Bachelor's Degree,37560
a9b6d49e,Christopher,Mitchell,male,New York City,31,Clothing Wholesale Manager,Bachelor's Degree,25210
14e0f451,Melissa,Potter,female,Worcester,86,Tea Barista,High School,18861
4427b34e,Jessica,Wright,female,Tampa,80,Electrical Systems Assembler,High School,21222
09dbbf21,Lori,Thomas,female,Pittsburgh,35,Metal Sculptor,High School,38668
94e13e3b,Brianna,Barnett,female,Columbus,37,Packaging Process Inspector,High School,28916
98fdd767,David,Norman,male,Pittsburgh,45,Grade 1 Teacher,Master's Degree,26460
3aafb14a,Kathleen,Ramos,female,Chesapeake,67,ADR Voice Actor,High School,44000
b169d1b4,James,Fowler,male,Boston,76,Packaging Process Inspector,High School,34977
1d1f5ff5,Christopher,Wood,male,Spokane,49,Ballet Choreographer,High School,27754
2ae11760,Colin,Nelson,male,Tampa,79,Public Defender,Master's Degree,56593
1bc576af,Michael,Griffith,male,San Francisco,56,Restaurant Pastry Chef,High School,36264
bd9da000,Molly,Wright,female,Grand Rapids,85,Chemistry Teacher,Doctoral Degree,37055
4e50c97c,Maureen,Williams,female,Aurora,35,Commercial Farm Manager,Bachelor's Degree,24678
86f39841,Stephen,Baker,male,Dallas,42,Pharmaceutical Engineer,Bachelor's Degree,45096
e6f05720,Danielle,Saunders,female,Detroit,34,Plastic Molding Operator,High School,28589
6f83a524,Stacie,Wood,female,Spokane,71,Retail Pharmacy Technician,Master's Degree,25886
013129fe,Denise,Bailey,female,Boston,46,Conference Organizer,Bachelor's Degree,22828
f0412935,Jacob,Clayton,male,Houston,43,Regulatory Compliance Inspector,High School,25791
58feebe9,Tiffany,Campbell,female,Chicago,40,Logistics Manager,Bachelor's Degree,51736
4247b466,Julia,Ruiz,female,Detroit,45,Supply Chain Manager,Bachelor's Degree,59498
f07b5247,Travis,Bishop,male,Tacoma,76,Prosecutor,Doctoral Degree,79653
36888590,Ronald,Goodman,male,Buffalo,18,B2B Sales Representative,Bachelor's Degree,29190
a4d7b8b8,Charles,Colon,male,Atlanta,36,Mergers and Acquisitions Lawyer,Master's Degree,43280
7872dae1,Michael,Carr,male,Chicago,63,Hospital Pharmacy Technician,Doctoral Degree,28364
c86f67c5,Jay,Pearson,male,Austin,20,Experimental Theater Actor,High School,41149
f306defd,Katherine,Castro,female,San Francisco,22,Brake Press Operator,High School,26125
13fc4ef3,Shawn,Valencia,male,Detroit,77,Pediatric Occupational Therapist,Master's Degree,32289
3600b795,Sylvia,Bell,female,Pittsburgh,69,Research Scientist,Master's Degree,83616
4c342b65,Keith,Gonzalez,male,Orlando,48,Musical Theater Actor,High School,38848
1c9b26ec,Mallory,Stevens,female,Worcester,47,Watercolor Painter,High School,28469
b5017d80,Ashley,Roberts,female,Orlando,53,Drama Movie Actor,High School,39716
42c33eda,Jacob,Cole,male,Warren,24,Hotel Executive Chef,High School,31015
f9438c91,Jennifer,Sullivan,female,Boston,71,Grade 2 Teacher,Doctoral Degree,30970
7348fc59,Raymond,Douglas,male,Tacoma,69,Orthopedic Physical Therapist,Doctoral Degree,29258
4c341f52,Derrick,Martinez,male,San Diego,48,Hydraulic Press Operator,High School,30779
7bf9a012,Christina,Moses,female,Worcester,25,Abstract Painter,High School,30441
de97d80a,Joseph,Johnson,male,Springfield,64,Assembly Process Inspector,High School,27765
20b055f5,Beth,Williams,female,Worcester,75,Textile Inspector,High School,30845
93c6516f,Monica,Roach,female,Springfield,35,Adjunct Professor,Doctoral Degree,65306
fc1590d3,Susan,Smith,female,Detroit,88,Portrait Photographer,High School,30070
59d42933,Bradley,Williams,male,Tampa,90,Pathology Technician,Doctoral Degree,29809
25fee3b1,Kristin,Barnes,female,Pittsburgh,76,Intellectual Property Lawyer,Doctoral Degree,63341
204073a5,Brett,Phillips,male,Spokane,75,Plastic Molding Operator,High School,31879
6eab4718,Craig,Torres,male,Chicago,88,Assembly Process Inspector,High School,30915
78fa89c2,William,Castaneda,male,Chicago,85,Sports Physical Therapist,Doctoral Degree,36783
6af66d65,Daniel,Moore,male,Springfield,34,Metal Sculptor,High School,23241
fe023543,Grant,Huff,male,Miami,68,Embedded Systems Engineer,Bachelor's Degree,53678
ff915279,Lynn,Small,female,Seattle,79,Pediatric Physical Therapist,Master's Degree,34893
e91e9d54,Laura,Eaton,female,Houston,19,Restaurant Sous Chef,High School,43435
866184c2,Mary,Brown,female,Los Angeles,76,Surgeon,Doctoral Degree,103527
2df1e036,Justin,Ramirez,male,New York City,56,Comedy Movie Actor,High School,21458
d9fd369d,Kathleen,Garcia,female,Norfolk,89,Criminal Magistrate,Doctoral Degree,58069
9a9a1aa3,James,Ward,male,Columbus,72,Industrial Machine Assembler,High School,22870
e55e93fa,Erin,Ferguson,female,Rochester,61,Vegetable Farmer,Bachelor's Degree,25766
5dd07df4,Melinda,Padilla,female,Aurora,63,Metal Molding Operator,High School,24264
36333e5f,Christina,Blackwell,female,Norfolk,76,Pediatric Occupational Therapist,Doctoral Degree,36248
83410310,Peggy,Paul,female,Spokane,40,Aerodynamics Engineer,Bachelor's Degree,44514
4ef447ea,Sharon,Taylor,female,Los Angeles,37,Contemporary Choreographer,High School,30376
839c56ea,Jordan,Orr,male,Boston,42,MEAN Stack Developer,Bachelor's Degree,44404
84b5c459,Stephen,Andrade,male,Philadelphia,64,Electronic Composer,High School,27944
c3532872,James,Williams,male,Allentown,86,Critical Care Nurse,Doctoral Degree,32962
eaef37c5,Matthew,Booker,male,Virginia Beach,78,Family Court Judge,Master's Degree,67695
3d31d5e3,Cameron,Le,male,Philadelphia,86,Renewable Energy Engineer,Bachelor's Degree,38124
68df8da7,Cory,Thompson,male,Worcester,32,Plant Breeder,Bachelor's Degree,30492
bb972beb,Jennifer,Young,female,Augusta,44,Film Composer,High School,25881
d562e640,David,Finley,male,Houston,32,Digital Illustrator,High School,23310
d52a2140,Johnny,Campos,male,Rochester,86,Action Movie Actor,High School,46450
56de21bd,Laura,Novak,female,Grand Rapids,78,Research Scientist,Doctoral Degree,71874
cac18539,Oscar,Sullivan,male,Virginia Beach,38,Rubber Molding Operator,High School,27660
48bb00aa,Stephanie,Conner,female,Chicago,50,Electronics Store Manager,Bachelor's Degree,22497
d9ea6f4f,Heidi,Burke,female,Henderson,89,Warehouse Supervisor,Bachelor's Degree,28636
9cc93ceb,Anthony,Harris,male,Miami,64,Comedy Movie Actor,High School,41894
fea11b09,Tammy,Jacobson,female,Naperville,23,Safety Compliance Inspector,High School,30650
032bceb6,Noah,Estrada,male,Dallas,78,Modern Dancer,High School,31511
20e5f4fd,Clinton,Jimenez,male,Chicago,87,Adjunct Professor,Master's Degree,76604
7ac1abb0,Rachel,Wang,female,Orlando,83,Critical Care Nurse,Doctoral Degree,38901
b4ce2063,Thomas,Daniels,male,Detroit,83,Digital Illustrator,High School,22073
2afb36da,Michael,Rodriguez,male,Aurora,46,Bakery Pastry Chef,High School,44402
48c644e7,Christine,Drake,female,Boston,72,Ceramic Engineer,Bachelor's Degree,41257
4810d01a,Joanne,Lozano,female,Austin,81,Immigration Judge,Master's Degree,80896
c9282fda,Kristen,Edwards,female,San Francisco,41,Food Safety Specialist,Bachelor's Degree,34999
5bb49047,Alice,Anthony,female,Norfolk,72,Metal Sculptor,High School,35483
6dd18719,Kevin,Collins,male,Boston,71,Action Movie Actor,High School,46744
07eb42f2,Tanya,Ashley,female,Orlando,60,Corporate Event Planner,Bachelor's Degree,28806
efcb38af,Susan,Knapp,female,Worcester,24,Hip-Hop Dancer,High School,20961
d866ce9d,Shelia,Olson,female,Grand Rapids,32,Resort Manager,Bachelor's Degree,43059
224d58d9,Charles,Morris,male,Austin,58,Film Composer,High School,36257
19723125,Edgar,Brown,male,Orlando,78,Food Safety Specialist,Bachelor's Degree,26619
72d2f6c0,Kathy,Watson,female,Warren,41,Bakery Pastry Chef,High School,32250
f68483ab,Jordan,Gomez,male,Chesapeake,49,Restaurant Executive Chef,High School,36234
9a679b0b,Michael,Taylor,male,Miami,34,Water Treatment Engineer,Bachelor's Degree,35774
17231a54,Beth,Thompson,female,Henderson,34,Inventory Manager,Bachelor's Degree,31435
410fa37e,Kelsey,Brown,female,Springfield,30,Watercolor Painter,High School,26947
ca17c132,Rodney,Bradley,male,Las Vegas,72,Resort Executive Chef,High School,29493
323c4f2b,Darryl,Rivera,male,Columbus,31,Plant Breeder,Bachelor's Degree,35842
54d7d204,Bonnie,Kelly,female,Las Vegas,27,Catering Sous Chef,High School,43196
2e839ed1,Jay,Harris,male,Buffalo,54,Landscape Photographer,High School,39935
f1881953,Nathaniel,White,male,Detroit,76,Embedded Systems Engineer,Bachelor's Degree,51050
e76e1589,Curtis,Black,male,Columbus,73,Adoption Lawyer,Master's Degree,71783
96f9d958,Brian,Flores,male,Tacoma,52,Video Game Voice Actor,High School,49136
d9ae4149,Jared,Torres,male,Warren,70,Milling Machine Operator,High School,30997
36eaba30,Daniel,Smith,male,Las Vegas,81,Pianist,High School,25526
95f8f335,Kaylee,White,female,Miami,32,Restaurant Pastry Chef,High School,39938
dcae2152,Mercedes,Carlson,female,New York City,81,Pop Singer,High School,32981
7866d88e,John,Jones,male,Detroit,39,Public Defender,Doctoral Degree,79964
ba91430d,Robert,Taylor,male,Seattle,47,Economics Teacher,Doctoral Degree,31980
d499a5e5,Anna,Hughes,female,Las Vegas,47,Modern Dancer,High School,28222
62ae5ef1,Maria,Leon,female,San Diego,26,Casual Dining Waiter,High School,24953
0f4cc03a,Sandra,Johnson,female,Pittsburgh,30,Restaurant Executive Chef,High School,38809
2eba338a,Sergio,Woodward,male,Pittsburgh,41,Soil Scientist,Bachelor's Degree,35278
13097bf4,Maria,Brown,female,Virginia Beach,23,Electronics Inspector,High School,25065
aff90865,Brandi,Walls,female,Buffalo,33,Film Composer,High School,30774
7f9e552b,Tracey,Cooper,female,Aurora,56,Commercial Farm Manager,Bachelor's Degree,28244
efa35188,Alexis,Jensen,female,Orlando,21,Violinist,High School,33168
2d6692cd,Frank,Taylor,male,Norfolk,79,Lecturer,Doctoral Degree,48541
abc0a3c6,Kathryn,Evans,female,Chicago,72,Kindergarten Teacher,Master's Degree,30315
8aa9ed3a,Benjamin,Johnson,male,Houston,53,Rehabilitation Occupational Therapist,Doctoral Degree,37442
c8b3ed4f,Alicia,Valenzuela,female,San Francisco,19,Hydraulic Press Operator,High School,27555
34d0c9eb,Robert,Castro,male,Atlanta,86,Research Associate,Doctoral Degree,69658
df5adb85,Teresa,Clark,female,Chesapeake,76,Industrial Machine Assembler,High School,28346
4acc9d94,Melissa,Cannon,female,Reno,70,Environmental Judge,Master's Degree,82600
3eddca7d,Patricia,Keller,female,Orlando,72,Math Teacher,Doctoral Degree,39526
0364e98e,Jeremy,Williams,male,Philadelphia,54,Heavy Equipment Assembler,High School,21813
42545ea2,Michelle,Blake,female,Allentown,82,Restaurant Pastry Chef,High School,43293
1c8c99de,Kenneth,Wilson,male,Columbus,75,Pediatric Occupational Therapist,Master's Degree,31147
b14fb322,Laurie,Burton,female,Augusta,57,Action Movie Actor,High School,34027
a271a228,Mary,Weaver,female,Las Vegas,25,Powertrain Engineer,Bachelor's Degree,43344
ff99d1b8,Mike,Bell,male,Virginia Beach,61,Pianist,High School,24592
78b81382,Lisa,Hammond,female,Reno,85,Heavy Equipment Assembler,High School,28808
011c1544,Wanda,Robbins,female,San Francisco,60,Geography Teacher,Master's Degree,36938
9d2e3a18,Emily,Hawkins,female,Worcester,19,Casual Dining Waiter,High School,21204
8342faa6,Duane,Ali,male,Detroit,40,Musical Theater Choreographer,High School,20856
ea6ae27f,Sylvia,Sanders,female,Tacoma,30,Coffee Barista,High School,21641
67e445bd,Cynthia,Travis,female,Seattle,82,Watercolor Painter,High School,30840
41b31f4f,Nicole,Stewart,female,Los Angeles,40,Oil Painter,High School,21181
68bce513,Austin,Duncan,male,Augusta,52,Violinist,High School,25375
da524404,Elizabeth,Murphy,female,Springfield,50,Adjunct Professor,Doctoral Degree,89885
da4a43b4,Jorge,Summers,male,Houston,56,Building Engineer,Bachelor's Degree,44259
c6aec6d3,Christopher,Phillips,male,Atlanta,80,Geography Teacher,Doctoral Degree,29161
7ea78fac,Ryan,Payne,male,Grand Rapids,88,Hotel Sous Chef,High School,26961
6027388d,Karen,Taylor,female,Augusta,33,Economics Teacher,Master's Degree,44437
b942abe5,Jonathan,Martinez,male,Austin,80,Crop Consultant,Bachelor's Degree,32623
0f2f1c2d,Ricky,Black,male,Tampa,33,Pest Control Technician,Bachelor's Degree,36546
5ef326d4,Yvonne,Harding,female,Miami,27,Component Assembler,High School,25499
af8c15c8,Christopher,Nielsen,male,Atlanta,45,Immigration Judge,Master's Degree,62780
08516144,Brandy,Ellis,female,Los Angeles,59,ADR Voice Actor,High School,29391
d5e7bf39,Angela,Hammond,female,Columbus,37,Aerodynamics Engineer,Bachelor's Degree,35195
0bf59da1,Michelle,Davis,female,Grand Rapids,61,Robotics Engineer,Bachelor's Degree,43063
35c3038e,Megan,Lee,female,Warren,63,Device Assembler,High School,24873
f3b5df42,Natalie,Bowers,female,Grand Rapids,21,Classical Composer,High School,26533
13000816,Madison,Ibarra,female,Springfield,33,Wedding Planner,Bachelor's Degree,31570
62467465,Catherine,Miller,female,Detroit,82,Bakery Pastry Chef,High School,29010
f226efcf,Jeffrey,Bonilla,male,Detroit,50,Classical Theater Actor,High School,31674
d80a1995,Jonathan,Dunn,male,San Diego,40,Guitarist,High School,24233
d0e6c390,Megan,Ford,female,Chicago,57,Oil Painter,High School,30727
a297ff11,Carrie,Nguyen,female,Dallas,28,Jazz Singer,High School,33972
573b4d5a,Joanne,Ho,female,Augusta,39,Bar Bartender,High School,16907
559c14e4,Joshua,Mcgee,male,New York City,40,Robotics Engineer,Bachelor's Degree,36488
f957c215,Jonathan,Sanchez,male,New York City,72,Soil Mechanics Engineer,Bachelor's Degree,46906
b885cc12,Kevin,Watts,male,Pittsburgh,42,Vegetable Farmer,Bachelor's Degree,21313
6ed489a2,Emily,Miranda,female,Pittsburgh,32,Web Developer,Bachelor's Degree,41839
142e9a18,Chad,Randolph,male,Tampa,57,Wedding Planner,Bachelor's Degree,30057
f2f0f567,Donald,Boyd,male,Houston,36,Rail Engineer,Bachelor's Degree,39529
5288bc76,Edward,Blake,male,Naperville,63,Chassis Assembler,High School,20127
b678e795,Sonya,Schneider,female,Las Vegas,64,Corporate Compliance Lawyer,Doctoral Degree,48589
61b8c393,Jessica,Ferguson,female,Worcester,31,Biology Teacher,Master's Degree,35574
aa1c4a8a,Scott,Hickman,male,Boston,41,Corporate Event Planner,Bachelor's Degree,28404
6adbef3c,Tracy,Mcfarland,female,Warren,64,Component Assembler,High School,25047
c7c7778c,Alexander,Chavez,male,Allentown,74,History Teacher,Master's Degree,31459
4b3e1d88,Rebecca,Franco,female,Spokane,21,Action Movie Actor,High School,25624
6e7a895a,Beth,Jackson,female,San Francisco,39,Cashier,Bachelor's Degree,24068
d21990e0,Andrew,Phillips,male,Tampa,51,Portrait Photographer,High School,37243
f50e4a2b,Alan,Morrow,male,Virginia Beach,22,Coffee Barista,High School,23794
7496fd05,Katherine,Thomas,female,Boston,88,Retail Pharmacy Technician,Master's Degree,25617
abcec02a,James,Wagner,male,Aurora,81,Rehabilitation Occupational Therapist,Master's Degree,33848
4f00bfa6,Cassandra,Hernandez,female,Austin,84,Ballet Dancer,High School,32791
15678f45,Jason,Stout,male,Pittsburgh,87,State Appellate Judge,Master's Degree,86068
e299340c,Amber,Villa,female,Buffalo,25,Assembly Process Inspector,High School,33821
9e8a58de,Seth,Collins,male,Orlando,51,Milling Machine Operator,High School,22884
5850dced,Danielle,Allen,female,San Francisco,55,Preschool Teacher,Master's Degree,28265
f43c5810,Jill,Butler,female,Rochester,44,Organic Farm Manager,Bachelor's Degree,27104
c9338104,Daniel,James,male,Grand Rapids,42,Hotel Pastry Chef,High School,30279
c49f7852,Sean,Allen,male,Virginia Beach,87,History Teacher,Master's Degree,30814
7050dc46,Pamela,Bryant,female,Grand Rapids,90,Food Safety Specialist,Bachelor's Degree,39650
9cfdb416,Barbara,Blake,female,Los Angeles,59,Orthopedic Physical Therapist,Doctoral Degree,36473
2781fad7,Elizabeth,Gray,female,Los Angeles,28,Grinding Machine Operator,High School,26146
eced6ae2,Susan,Duncan,female,Buffalo,49,Biology Teacher,Doctoral Degree,33234
20a5234d,Marilyn,Ford,female,Spokane,54,Violinist,High School,31822
1cc1a34c,Colin,Sellers,male,Virginia Beach,85,Video Game Voice Actor,High School,26672
80eb6041,Bianca,Reed,female,Aurora,48,Safety Compliance Inspector,High School,27543
bf2bb302,Roger,Clark,male,Austin,88,Jazz Singer,High School,25994
aa9ba609,Jeffrey,Munoz,male,Naperville,49,Ballet Choreographer,High School,24767
30d48114,Stephanie,Bernard,female,Naperville,82,Civil Magistrate,Master's Degree,55090
e0ea0b0d,Kaitlin,Burke,female,Virginia Beach,32,Plant Breeder,Bachelor's Degree,27160
3ed9b086,Blake,Rios,male,Atlanta,79,Kindergarten Teacher,Master's Degree,33003
b631df67,Mandy,Harper,female,Buffalo,66,Experimental Theater Actor,High School,44141
cb13fc70,Colton,Andrade,male,Rochester,62,Inside Sales Representative,Bachelor's Degree,34718
0131312a,Michael,Phillips,male,Allentown,69,Wood Sculptor,High School,33552
10372648,Katrina,Patterson,female,Atlanta,71,Punch Press Operator,High School,30975
9888967c,Nicholas,Mcdonald,male,Rochester,84,Grade 2 Teacher,Master's Degree,26778
095cd873,Rebecca,Blankenship,female,Grand Rapids,34,Vegetable Farmer,Bachelor's Degree,22367
7775823d,Daniel,Osborn,male,Chesapeake,20,Device Assembler,High School,28941
f0d29c79,Katherine,Contreras,female,Springfield,48,Ballet Dancer,High School,21758
b5313be9,Ashley,Sanchez,female,Spokane,77,Chemistry Teacher,Doctoral Degree,34786
41a8d3cd,Joe,Bonilla,male,Worcester,72,Digital Illustrator,High School,35586
44b53e81,Christopher,Hall,male,Reno,84,Biology Teacher,Doctoral Degree,36676
a985a168,Yvette,Lee,female,Las Vegas,57,Cashier,Bachelor's Degree,25947
6381842b,Ray,Braun,male,Dallas,49,Comedy Movie Actor,High School,28018
b80b9352,Austin,Myers,male,Buffalo,55,Ballet Dancer,High School,31702
13666e00,Charles,Tanner,male,Columbus,75,Ceramic Engineer,Bachelor's Degree,44702
10490861,Timothy,Nelson,male,Buffalo,65,Research Scientist,Doctoral Degree,72560
fc6848ac,Lawrence,Calderon,male,Naperville,51,Catering Sous Chef,High School,36197
0c0e1147,Steven,Wilson,male,Spokane,28,Event Bartender,High School,19948
ff77e0e1,Brenda,Johnson,female,Worcester,47,Database Developer,Bachelor's Degree,36606
86c9368c,Cindy,Bailey,female,Austin,82,Endowed Chair,Master's Degree,75545
3851036c,Karen,Reyes,female,Naperville,34,Electronics Inspector,High School,30096
d26246cb,Taylor,Morgan,female,Boston,89,Watercolor Painter,High School,21514
d1a39a3f,Tyrone,Allen,male,Virginia Beach,80,Emergency Nurse,Doctoral Degree,37026
7ee77294,Laura,Neal,female,Augusta,33,Assembly Process Inspector,High School,30263
7e40e091,Francisco,Hill,male,Grand Rapids,87,Pediatrician,Master's Degree,71121
ba2296f1,Regina,Mitchell,female,Henderson,67,Display Coordinator,Bachelor's Degree,27308
999acb88,Danielle,Walters,female,Dallas,34,Stone Sculptor,High School,31323
7ba7d81b,Carrie,Glenn,female,Virginia Beach,90,General Practitioner,Doctoral Degree,107803
51b2b965,Thomas,Brown,male,Boston,46,Musical Theater Choreographer,High School,29988
ad714e81,Michelle,Brown,female,Dallas,44,Specialty Drink Barista,High School,18401
95ae115a,Michael,Reyes,male,Dallas,86,Pathology Technician,Master's Degree,30910
dde502be,Karen,Fernandez,female,Tampa,24,Jazz Singer,High School,26764
c00bdb43,Dennis,Perry,male,Columbus,37,Component Assembler,High School,26911
a8bb141a,Lisa,Estes,female,Rochester,85,Corporate Travel Agent,Bachelor's Degree,23798
f8a80e3c,Ashley,Campbell,female,Tacoma,53,Stone Sculptor,High School,27342
ece0d0a6,Tamara,Massey,female,Atlanta,81,Hospital Pharmacy Technician,Doctoral Degree,28336
2bb0353e,Samantha,Hall,female,Buffalo,23,Digital Design Engineer,Bachelor's Degree,48707
9feec77d,Gwendolyn,Morris,female,Dallas,28,Mechanical Parts Inspector,High School,26489
ef2b4f12,George,Miller,male,Reno,82,Math Teacher,Master's Degree,32534
f7782579,Robert,Jones,male,Springfield,69,Physical Education Teacher,Master's Degree,32963
0d8c3269,Marilyn,Sullivan,female,Chesapeake,66,Brake Press Operator,High School,29770
e516f551,Johnathan,Crawford,male,Pittsburgh,43,Stone Sculptor,High School,21804
13926f1a,Kirk,Blair,male,Virginia Beach,58,Criminal Court Judge,Doctoral Degree,74720
d2ddeaa3,James,Brown,male,Warren,53,Digital Design Engineer,Bachelor's Degree,38458
9f8f58cb,Andrew,Sanchez,male,Dallas,49,Landscape Photographer,High School,22902
b0c5f428,Paul,Huynh,male,Augusta,66,Video Game Voice Actor,High School,39584
a7899141,Matthew,Bray,male,Philadelphia,54,Cocktail Bartender,High School,23214
14e35fc6,James,Meyers,male,Austin,89,Tenured Professor,Doctoral Degree,59823
3d23e995,Christopher,Parker,male,Boston,55,Drama Movie Actor,High School,28602
a32a7294,Julie,White,female,Norfolk,52,Irrigation Technician,Bachelor's Degree,26465
e83d5da1,Nancy,Jones,female,Springfield,42,Lathe Operator,High School,26111
51627a59,Brian,Dickerson,male,Houston,53,Chassis Assembler,High School,23277
d5e7d697,Amber,Lewis,female,Dallas,60,Soil Conservation Technician,Bachelor's Degree,34817
4f7896a8,Patricia,Sanchez,female,Buffalo,28,Regulatory Compliance Inspector,High School,27907
b9605d28,Amy,Wheeler,female,Reno,58,Manufacturing Process Inspector,High School,31387
d04f6484,Desiree,Villegas,female,Virginia Beach,55,Soil Conservation Technician,Bachelor's Degree,39893
39252e25,Jessica,Thomas,female,Austin,40,Geography Teacher,Master's Degree,39859
87d5014e,Rachel,Tran,female,Seattle,65,Opera Singer,High School,27416
efdec461,Brian,Daugherty,male,Augusta,43,Continuous Improvement Manager,Bachelor's Degree,59191
e210bed3,Earl,Tucker,male,Naperville,35,Pest Control Technician,Bachelor's Degree,34697
cda6123f,Tina,King,female,Miami,35,Polymer Engineer,Bachelor's Degree,36545
063f9985,Shane,Crane,male,Springfield,63,Foundation Engineer,Bachelor's Degree,47738
d04f4ff3,Joel,Mills,male,Atlanta,23,Violinist,High School,31369
f35b4403,Anthony,Shaw,male,Chicago,45,Casual Dining Waiter,High School,15911
2d814fbc,Brian,Yang,male,Buffalo,80,State Appellate Judge,Master's Degree,96961
40ef2b44,Sara,Vega,female,San Francisco,50,Electronics Inspector,High School,33516
453a3716,Brian,Jones,male,Virginia Beach,62,Receptionist,Bachelor's Degree,31189
c2564c05,Thomas,Cline,male,Grand Rapids,24,Assembly Process Inspector,High School,29825
06a1424f,Bradley,Krueger,male,Tampa,74,Pediatric Physical Therapist,Doctoral Degree,36886
a53c0055,Michael,Peterson,male,Reno,39,Process Engineer,Bachelor's Degree,36366
89f2ab29,Thomas,Silva,male,Chicago,57,X-ray Technician,Master's Degree,28483
644c2d41,Bobby,Clark,male,Augusta,74,Research Scientist,Master's Degree,73253
fae3b0c0,Danielle,Higgins,female,Naperville,35,Grinding Machine Operator,High School,23770
02044516,Julie,Riddle,female,Las Vegas,19,Industrial Machine Assembler,High School,21520
918e7e77,Briana,Brown,female,Boston,48,Guitarist,High School,29575
184a1e2c,Judith,Bishop,female,Augusta,27,Chemistry Teacher,Doctoral Degree,34618
3e2e32c7,Eric,Bradford,male,Naperville,48,Postdoctoral Researcher,Doctoral Degree,75778
0f035f72,Carrie,Pena,female,Rochester,70,Adult Speech Therapist,Doctoral Degree,32182
287d64e4,Isaac,Owen,male,Naperville,64,Prosecutor,Doctoral Degree,45099
367dd1f0,Katherine,Patterson,female,Pittsburgh,80,Criminal Magistrate,Master's Degree,69450
9acfa8b5,Anthony,Krause,male,Los Angeles,59,Guitarist,High School,22739
b442a32d,Michael,Smith,male,Naperville,59,Portrait Photographer,High School,34159
4cb1ba0c,Kristin,Brown,female,Austin,89,Physics Teacher,Master's Degree,41448
6f5a18fb,Jonathan,Phillips,male,Tampa,52,Lecturer,Master's Degree,84212
89983504,Kevin,Mahoney,male,Warren,60,Commercial Photographer,High School,37322
2cff7621,Donald,Padilla,male,Dallas,39,Abstract Painter,High School,22316
4cc35f39,Kristin,Lane,female,Aurora,29,Boutique Hotel Manager,Bachelor's Degree,30373
039de6c7,Danielle,Wood,female,Springfield,81,Physics Teacher,Master's Degree,41006
83bf1d0d,John,Bright,male,Detroit,37,Fine Dining Waiter,High School,21072
3eaeac0a,Adam,Walsh,male,Augusta,66,Criminal Magistrate,Doctoral Degree,83782
8dc523d6,Steve,Sutton,male,Los Angeles,59,Retail Pharmacy Technician,Doctoral Degree,30753
82cffc3a,Alison,Moore,female,San Diego,60,Heavy Equipment Assembler,High School,21273
ba941015,David,Dean,male,New York City,84,Internist,Master's Degree,72975
8b4dec84,Kristina,Landry,female,Virginia Beach,26,Ballet Choreographer,High School,20579
597f0c83,Terri,Chaney,female,Naperville,90,Labor and Delivery Nurse,Master's Degree,39109
bbd05452,Tracy,Dunn,female,Aurora,70,Physics Teacher,Master's Degree,33007
d632162b,Stephanie,Rivas,female,Las Vegas,25,Building Engineer,Bachelor's Degree,35604
77f57bcc,Diana,Odonnell,female,Allentown,49,Circuit Board Assembler,High School,24304
fe4a054a,Andrew,Fernandez,male,Reno,79,Punch Press Operator,High School,31860
518341db,Kimberly,Gomez,female,Atlanta,25,Product Merchandiser,Bachelor's Degree,25314
4e5aa43f,Michael,Smith,male,Chicago,53,Coffee Barista,High School,17175
0ca8446b,Elizabeth,Warner,female,Detroit,56,Grade 1 Teacher,Master's Degree,30606
896d5f3c,Cheryl,Griffith,female,Grand Rapids,41,Ballet Dancer,High School,26806
256f4a29,Ryan,Moore,male,Orlando,75,Landscape Photographer,High School,32111
e68f93bf,Jeffrey,Miles,male,Aurora,79,Classical Composer,High School,26069
e880bfd1,Nathan,Richardson,male,Detroit,84,Surgeon,Master's Degree,64784
fdee0ace,Amy,Daugherty,female,Augusta,47,Family Magistrate,Doctoral Degree,74899
60ce359d,Amy,Clay,female,Pittsburgh,61,Hip-Hop Dancer,High School,26216
07a15bce,Lisa,Medina,female,Aurora,49,Public Defender,Doctoral Degree,59172
43084f06,Angela,Wilson,female,Buffalo,57,Preschool Teacher,Master's Degree,33438
730fdfa4,Jonathan,Brandt,male,Rochester,68,Endowed Chair,Doctoral Degree,52764
41ff992c,Jennifer,Perry,female,Warren,77,Restaurant Pastry Chef,High School,35763
19cacc6c,Jordan,Kirby,male,Rochester,29,MEAN Stack Developer,Bachelor's Degree,30585
695338ad,Tonya,Lopez,female,Reno,23,Packaging Process Inspector,High School,34029
5766eb80,Samantha,Sanders,female,Columbus,55,Heavy Equipment Assembler,High School,25027
99864ce5,Albert,Ramos,male,Virginia Beach,49,Cocktail Bartender,High School,17390
9e257801,Charles,Hill,male,Austin,43,Pediatric Speech Therapist,Master's Degree,28774
ba48d3d4,Connie,Reyes,female,San Diego,23,Chassis Assembler,High School,21336
7d8b9b56,Vincent,Campbell,male,Dallas,52,Concierge,Bachelor's Degree,41218
9274c59b,Vanessa,Richards,female,Warren,81,Defense Lawyer,Master's Degree,67873
7e677e9c,Elizabeth,Choi,female,Buffalo,30,Grinding Machine Operator,High School,30614
21238443,Valerie,Cain,female,Miami,24,Modern Dancer,High School,33128
50ef8816,Phyllis,Johnson,female,Aurora,84,X-ray Technician,Doctoral Degree,25167
def5342e,Becky,Hill,female,Detroit,70,Surgeon,Doctoral Degree,113864
26e09781,Tara,Smith,female,Worcester,46,Grocery Store Manager,Bachelor's Degree,29772
f61deb6f,Jacqueline,Martin,female,Chicago,54,Resort Executive Chef,High School,37919
703532e0,Natalie,Frye,female,Boston,32,Ballet Choreographer,High School,34627
706ce6ef,Jesus,Proctor,male,Henderson,71,Manufacturing Process Inspector,High School,31484
e4f1cb9f,Kaitlyn,Hernandez,female,San Francisco,63,Video Game Voice Actor,High School,35702
d49820fd,Kenneth,Mullins,male,Chesapeake,75,Computer Science Teacher,Doctoral Degree,35114
568d42d6,Scott,Golden,male,Tampa,41,Restaurant Executive Chef,High School,27947
c029d7d5,Heather,West,female,Dallas,53,Adult Speech Therapist,Master's Degree,29657
fd7e6d4c,Michelle,Gutierrez,female,Detroit,68,Animation Voice Actor,High School,34276
50e4ee12,Adam,Turner,male,Chesapeake,26,Event Bartender,High School,23542
29031c2e,Taylor,Hammond,female,Naperville,65,Animation Voice Actor,High School,35502
681e2831,Thomas,Russell,male,Norfolk,54,Heavy Equipment Assembler,High School,21361
4a8b0026,Courtney,Robinson,female,Tacoma,90,Ballet Choreographer,High School,31048
ad0b5428,Kaylee,Green,female,Springfield,53,Classical Composer,High School,20865
08f166af,Zachary,Morris,male,Seattle,67,Brake Press Operator,High School,29226
2d90bd9c,Craig,Simon,male,Los Angeles,50,Petrochemical Engineer,Bachelor's Degree,45692
f9f3ba00,Daniel,Vaughn,male,Pittsburgh,24,Violinist,High School,41626
3d0a23c2,Rachel,Manning,female,Seattle,51,Cashier,Bachelor's Degree,22955
5391fd7a,Charles,Clarke,male,San Francisco,24,Electrical Systems Assembler,High School,21904
1e46ae56,Juan,Williams,male,San Francisco,84,Stone Sculptor,High School,26557
7078ca37,Tabitha,Hodges,female,Austin,46,Adoption Lawyer,Master's Degree,45091
078ef6a9,Joshua,Cline,male,Rochester,47,Public Defender,Master's Degree,43149
859b8e9a,Mary,Cooke,female,Columbus,89,Endowed Chair,Doctoral Degree,63420
adff239e,Donald,Campbell,male,Boston,59,Chassis Assembler,High School,27009
07822277,Scott,Hamilton,male,Warren,47,Retail Pharmacy Technician,Doctoral Degree,26913
c44052f4,Glenn,Silva,male,Aurora,82,Cardiothoracic Surgeon,Master's Degree,74770
2ccb7bb5,Alex,Davis,male,Springfield,62,Intellectual Property Lawyer,Doctoral Degree,74139
d19f20a8,Austin,Jackson,male,Tacoma,39,Metal Sculptor,High School,32347
e1ea4f43,Paula,Reyes,female,Pittsburgh,36,Defense Lawyer,Master's Degree,73006
72f4f8fe,Francis,Bray,male,Aurora,76,Brake Press Operator,High School,30919
89b9f6d4,Lisa,Parker,female,Chicago,76,Mergers and Acquisitions Lawyer,Master's Degree,40105
e86e9399,Dawn,Johnson,female,Norfolk,28,Catering Sous Chef,High School,29426
f876b785,Amanda,Moore,female,Pittsburgh,36,Video Game Voice Actor,High School,47265
f0ecc387,Tiffany,Stephens,female,Warren,45,Tea Barista,High School,21835
69d34343,Christian,Roberts,male,Boston,41,ADR Voice Actor,High School,38410
e5e4a8b0,Deborah,Graham,female,Naperville,57,State Appellate Judge,Doctoral Degree,75822
6380e330,Dylan,Collins,male,Aurora,65,Irrigation Technician,Bachelor's Degree,33565
0471fcfe,David,Cox,male,Austin,40,Rubber Molding Operator,High School,25895
46eba280,Christopher,Edwards,male,Atlanta,79,Bakery Pastry Chef,High School,28130
8aa6b3cc,Mark,Curry,male,San Diego,76,Watercolor Painter,High School,34957
387cf986,John,Gaines,male,Reno,57,Pop Singer,High School,39778
ef762886,Amanda,Raymond,female,Boston,38,Packaging Process Inspector,High School,34307
af82884c,Scott,Ramos,male,Miami,89,Pediatrician,Master's Degree,73794
1151e2e6,Scott,Maxwell,male,Chicago,73,Pediatrician,Doctoral Degree,80754
18dad974,Ashley,Smith,female,Rochester,26,Landscape Photographer,High School,35539
60050083,Rebekah,Perez,female,Worcester,35,Assembly Process Inspector,High School,32842
eefa6644,Janice,Williams,female,Pittsburgh,74,Pianist,High School,29564
28af6fb9,Brandon,Singleton,male,Boston,84,Physics Teacher,Master's Degree,42090
5e14556d,Rodney,Hughes,male,Henderson,50,Watercolor Painter,High School,34986
6706806f,Charles,Wells,male,Grand Rapids,32,RF Engineer,Bachelor's Degree,48324
7cfbbfe6,Douglas,Williams,male,Aurora,38,Restaurant Sous Chef,High School,42491
8a928def,Courtney,Bennett,female,Tacoma,19,Leisure Travel Agent,Bachelor's Degree,28496
8da04b6a,Christina,Peters,female,Chicago,46,Circuit Board Assembler,High School,24736
847b084b,Katherine,Gray,female,Naperville,90,Department Head,Master's Degree,63538
de1e8786,Paul,Daugherty,male,Chicago,63,Stone Sculptor,High School,20522
368b7300,Jeff,Kidd,male,Seattle,43,Wood Sculptor,High School,34036
23c0b219,James,Sellers,male,Chesapeake,23,Metal Sculptor,High School,21602
9083cdcf,April,Anderson,female,Chesapeake,78,UI Developer,Bachelor's Degree,49345
bfd6abc1,David,Garcia,male,Seattle,79,Animation Voice Actor,High School,22446
14a39e0a,Carol,Nunez,female,Columbus,21,Fine Dining Waiter,High School,20378
d23f91aa,Cody,Brandt,male,Springfield,45,Children's Book Illustrator,High School,26406
d1e36799,Andrew,Hall,male,Henderson,81,MRI Technician,Master's Degree,25241
4164611c,Philip,Spears,male,Warren,56,Hotel Pastry Chef,High School,44812
65cc87e1,Shannon,Taylor,female,Henderson,86,Guitarist,High School,20587
8ffbd205,Crystal,Martin,female,Las Vegas,32,Regulatory Compliance Inspector,High School,26236
b4c13c19,Bradley,Garcia,male,Henderson,78,Contemporary Choreographer,High School,23898
1dd744a3,Brandy,Nolan,female,Las Vegas,50,Rubber Molding Operator,High School,29798
b491852f,Willie,Davis,male,Reno,43,Grinding Machine Operator,High School,28065
1cd6c45c,Beverly,Pham,female,Augusta,32,Restaurant Executive Chef,High School,29979
69ef9d2e,Chloe,Donovan,female,Virginia Beach,74,Experimental Theater Actor,High School,23008
0fc41138,Aaron,Austin,male,San Francisco,43,Corporate Event Planner,Bachelor's Degree,25017
bbf2d6b0,James,Edwards,male,Allentown,18,Digital Illustrator,High School,30410
657b1a21,Anthony,Anderson,male,Henderson,87,Punch Press Operator,High School,23149
34686756,Ashley,Gordon,female,Norfolk,34,Metal Sculptor,High School,21527
f3ba4f1c,Katherine,Aguilar,female,Austin,77,Environmental Judge,Doctoral Degree,72756
1786fd85,Willie,Herrera,male,Tampa,23,Stone Sculptor,High School,25405
45f240c6,Lynn,Harper,female,Grand Rapids,29,Oil Painter,High School,22534
a2c495db,Denise,Munoz,female,Miami,61,Engine Assembler,High School,23619
3fd415db,Sonia,Jones,female,Tampa,23,Clothing Wholesale Manager,Bachelor's Degree,34882
bd5db9aa,Patricia,Howell,female,Allentown,20,Regulatory Compliance Inspector,High School,34906
58a4e1ca,Kimberly,Thomas,female,Tacoma,32,Server-side Developer,Bachelor's Degree,50133
a043c0de,Regina,Sheppard,female,Las Vegas,59,Emergency Nurse,Doctoral Degree,44696
772cc29f,Victoria,Carter,female,Reno,44,Restaurant Sous Chef,High School,37905
001575d9,Samantha,Anderson,female,Rochester,84,Research Laboratory Technician,Doctoral Degree,28758
84a94d4e,Michael,Bennett,male,Austin,75,Adult Speech Therapist,Doctoral Degree,34106
df99a621,Daniel,Harris,male,Augusta,68,Aviation Engineer,Bachelor's Degree,42469
96dd6032,David,Day,male,Chicago,52,Specialty Drink Barista,High School,18482
5d0fafea,Jimmy,Morris,male,Miami,44,Coffee Barista,High School,16020
44cfaaa7,Christopher,Gray,male,Philadelphia,36,Food Wholesale Manager,Bachelor's Degree,29274
070f500d,Jacob,Ward,male,Worcester,25,UX Designer,Bachelor's Degree,37758
a86f867e,Kenneth,Terry,male,Augusta,69,Pianist,High School,27340
8017722b,Timothy,Barker,male,Los Angeles,24,Hotel Executive Chef,High School,36470
b8ca0781,Amy,Moses,female,Warren,55,Vehicle Design Engineer,Bachelor's Degree,47572
e541c697,Joseph,Anthony,male,Tampa,37,UX Designer,Bachelor's Degree,44572
f3b25c0e,Jonathan,Price,male,Buffalo,86,Criminal Magistrate,Master's Degree,72692
3bf323d8,Mark,Leach,male,Chesapeake,35,Classical Theater Actor,High School,45512
5eaf15c6,Melissa,Flores,female,Orlando,33,Quality Control Scientist,Bachelor's Degree,34245
bae11502,Jennifer,Perez,female,Orlando,31,Digital Design Engineer,Bachelor's Degree,38870
51767d36,Robert,Reeves,male,Pittsburgh,46,Hotel Executive Chef,High School,29648
c38a21ef,Jessica,Ortega,female,Seattle,68,Portrait Photographer,High School,26606
6809b338,Tom,Wise,male,Chesapeake,67,Internist,Doctoral Degree,107640
97dbe330,Barbara,Smith,female,Reno,67,Heavy Equipment Assembler,High School,23227
82d34bef,John,Wolfe,male,Worcester,64,Clothing Store Manager,Bachelor's Degree,28381
6746a5bc,Penny,Stanley,female,New York City,55,Postdoctoral Researcher,Master's Degree,81675
0294ad62,Daniel,Ortiz,male,Chicago,18,Hip-Hop Dancer,High School,22192
1d9f5446,Robert,Hernandez,male,Las Vegas,20,Stone Sculptor,High School,35391
b124b3cd,Joshua,Liu,male,San Diego,79,Cruise Travel Agent,Bachelor's Degree,34638
f0ea3f78,Connor,Rodriguez,male,Miami,88,State Appellate Judge,Master's Degree,71103
d02c1188,Heather,Hobbs,female,Henderson,53,Grocery Store Manager,Bachelor's Degree,24189
084ba30e,Daniel,Reyes,male,Orlando,40,Waste Management Engineer,Bachelor's Degree,49582
8819eb4f,Jacqueline,Gordon,female,Buffalo,51,Wood Sculptor,High School,28303
322bf985,Thomas,Snow,male,Allentown,84,Orthopedic Surgeon,Master's Degree,63144
d45d9884,Brenda,Warner,female,Warren,44,Clinical Laboratory Technician,Master's Degree,26374
a65b93b5,Travis,Butler,male,New York City,63,MEAN Stack Developer,Bachelor's Degree,33688
83a14df7,Nicholas,Stout,male,Los Angeles,89,History Teacher,Doctoral Degree,28186
be203f9f,Janice,Rodgers,female,Las Vegas,19,Hip-Hop Dancer,High School,32330
3071daf8,Leslie,Waters,female,Austin,57,Event Bartender,High School,20296
6958fd07,Robert,Pope,male,Augusta,75,Modern Dancer,High School,22239
1b581d4c,Stephen,Thompson,male,Henderson,45,Avionics Engineer,Bachelor's Degree,36435
b914f59d,David,Cruz,male,Virginia Beach,65,Catering Sous Chef,High School,33480
688ab12f,Michelle,Davis,female,Chicago,47,Action Movie Actor,High School,33079
0a4ee188,Amber,Harper,female,Miami,47,Environmental Compliance Inspector,High School,27442
8373de0e,Chad,Moore,male,Atlanta,27,LAMP Stack Developer,Bachelor's Degree,48453
7037b04b,Lisa,Riley,female,Pittsburgh,57,Classical Theater Actor,High School,20373
986ce12f,Erik,Riley,male,Augusta,45,Automotive Safety Engineer,Bachelor's Degree,35496
6a3b14c1,Courtney,Price,female,Boston,89,Department Head,Doctoral Degree,80738
f37c9e90,Amanda,Keith,female,Atlanta,44,Landscape Photographer,High School,37904
0e37bb81,James,Stanley,male,Los Angeles,88,Regulatory Compliance Inspector,High School,27073
35073fb4,Tina,Armstrong,female,Norfolk,31,Laundry Attendant,Bachelor's Degree,28811
db18e8c1,Dustin,Ross,male,Grand Rapids,57,Compounding Pharmacy Technician,Doctoral Degree,33010
0b5028a7,Stephen,Fletcher,male,Augusta,72,Brake Press Operator,High School,27856
12736bf3,Nicholas,Walker,male,Columbus,86,Pediatric Physical Therapist,Master's Degree,34571
84f2452f,Sandra,Chavez,female,New York City,90,Fine Dining Waiter,High School,15952
fa0e2f4e,Shannon,Lozano,male,Los Angeles,66,Catering Sous Chef,High School,26867
4b74e184,Wayne,Clark,male,Naperville,74,Circuit Board Assembler,High School,24385
19163e75,Amanda,Clark,female,Virginia Beach,56,Aerodynamics Engineer,Bachelor's Degree,40930
32752257,Shannon,Boyd,female,New York City,77,Environmental Judge,Doctoral Degree,68365
31083055,Cindy,Morris,female,Spokane,33,Video Game Voice Actor,High School,46796
0ccfb479,Guy,Price,male,Spokane,84,Computer Science Teacher,Doctoral Degree,32565
6e1d82ca,Carrie,Dunn,female,Austin,20,Safety Compliance Inspector,High School,32799
12985115,Robert,Tucker,male,Worcester,82,Surgeon,Master's Degree,112364
ed1899b8,Julia,Curry,female,Austin,89,History Teacher,Master's Degree,30048
3414c124,Pamela,Cabrera,female,Tampa,67,Environmental Compliance Inspector,High School,31918
2635a30f,Colleen,Sanders,female,San Diego,25,UI Developer,Bachelor's Degree,52230
0718e99a,Joshua,Burch,male,Detroit,33,Abstract Painter,High School,24338
00a0cb46,Jessica,Gonzales,female,Rochester,80,Violinist,High School,21612
954c3be2,Sarah,Jefferson,female,Warren,42,Bar Bartender,High School,19633
ed756c2d,Jessica,Thomas,female,Las Vegas,70,Endowed Chair,Doctoral Degree,78685
7a9a2490,Erika,Walters,female,Grand Rapids,19,Restaurant Sous Chef,High School,44105
550229bf,Tara,Medina,female,Boston,73,Device Assembler,High School,27495
1f6b989c,Eric,Edwards,male,Tampa,55,Event Bartender,High School,16616
ac41ee4a,Robert,Krause,male,Worcester,89,Criminal Court Judge,Master's Degree,88327
4ba27b5a,Heather,Miller,female,Rochester,69,Grocery Store Manager,Bachelor's Degree,22460
49c38033,Lindsey,Harris,female,Naperville,81,Research Laboratory Technician,Doctoral Degree,30748
962a8284,Karla,Holloway,female,Naperville,73,Fine Dining Waiter,High School,19837
4313f9a5,Michael,Dennis,male,Seattle,48,Cashier,Bachelor's Degree,24797
f52a16fc,Kristine,Howell,female,Los Angeles,19,Comedy Movie Actor,High School,38882
98fe1fa8,Alicia,Reed,female,Allentown,73,Heavy Equipment Assembler,High School,26256
3dc15a35,Melissa,Barker,female,Worcester,25,Hydraulic Press Operator,High School,28859
48585af6,John,Alexander,male,Las Vegas,22,Violinist,High School,26934
9450cfc4,Dalton,Brennan,male,Los Angeles,87,Video Game Voice Actor,High School,22581
ce28da8f,Amy,Santana,female,Columbus,75,Oil Painter,High School,31708
ae282f54,Lori,Rich,female,Tampa,79,Surgeon,Master's Degree,76009
f4712efe,James,Davis,male,Aurora,63,Orthopedic Physical Therapist,Master's Degree,35098
9b1a8567,Christopher,Cox,male,Naperville,75,Abstract Painter,High School,29594
745bb7dd,Dustin,Saunders,male,San Francisco,62,Pianist,High School,31610
af396ac5,Michael,Hogan,male,Virginia Beach,90,Geography Teacher,Master's Degree,39850
a83a1a51,Joshua,Carter,male,San Francisco,21,Hip-Hop Dancer,High School,26022
d2d422a7,Mike,Black,male,Warren,87,History Teacher,Doctoral Degree,28019
5aaa7df4,Tamara,Harris,female,Warren,28,Engine Assembler,High School,27296
4a998ca9,Elizabeth,Fry,female,Houston,74,General Practitioner,Master's Degree,65473
88982de2,Marissa,Orozco,female,Henderson,80,Packaging Process Inspector,High School,34452
5f1e1ca5,Jennifer,Boyd,female,Tacoma,27,Inventory Manager,Bachelor's Degree,34583
5cdaf79b,Katherine,Patel,female,Philadelphia,77,Critical Care Nurse,Doctoral Degree,32886
19ab7401,Lisa,Collier,female,Chesapeake,75,Defense Lawyer,Doctoral Degree,51643
5a7e6597,Katie,Joseph,female,Warren,28,Web Developer,Bachelor's Degree,38416
bb922dbd,Dawn,Cross,female,Pittsburgh,34,Assembly Process Inspector,High School,29824
c4ed2a19,Devin,Gross,male,Norfolk,26,Conference Organizer,Bachelor's Degree,32831
b555f815,Jonathan,Simmons,male,Chicago,72,Mechanical Parts Inspector,High School,33450
23427cb4,Brian,Owens,male,Augusta,25,Cocktail Bartender,High School,21972
b3c5e20d,Matthew,Mason,male,Orlando,36,Commercial Photographer,High School,30125
0ff3de4a,John,Wright,male,San Francisco,58,ADR Voice Actor,High School,31131
134729a1,Catherine,Nguyen,female,Miami,51,MERN Stack Developer,Bachelor's Degree,38829
ff417f33,Cathy,Clark,female,Atlanta,41,Bar Bartender,High School,20916
6c01827a,Cathy,Anderson,female,New York City,39,Rock Mechanics Engineer,Bachelor's Degree,45743
23261f04,Caleb,Powell,male,Chicago,32,Catering Sous Chef,High School,42927
40d9ed8b,Amy,Nelson,female,Austin,78,Grade 1 Teacher,Doctoral Degree,34933
d7838c50,Andrew,Flores,male,Henderson,66,Public Defender,Doctoral Degree,62764
b7e661e3,Cassandra,Warner,female,Grand Rapids,27,Safety Compliance Inspector,High School,34014
cd5e2da2,Rachael,Bennett,female,Buffalo,29,Precision Instrument Assembler,High School,29966
515a1c77,Karen,Gonzalez,female,Reno,77,Regulatory Compliance Inspector,High School,32944
1264032e,Joshua,Moore,male,Reno,77,Endowed Chair,Master's Degree,63834
60724fc8,Amber,Garcia,female,Seattle,52,Biology Teacher,Master's Degree,33763
09856388,Kimberly,Olson,female,Los Angeles,48,Stone Sculptor,High School,31081
622962e8,Amber,Morales,female,Atlanta,59,Violinist,High School,30746
25516f75,Ryan,Ortiz,male,Tacoma,34,Packaging Process Inspector,High School,34810
3dcffe91,Jeffrey,Gutierrez,male,Allentown,49,Milling Machine Operator,High School,26456
1a1d4258,Alyssa,Jones,female,Warren,49,Field Sales Representative,Bachelor's Degree,31099
b821bf25,Michael,Garcia,male,Dallas,49,Plastic Molding Operator,High School,24028
5b60341f,Kayla,Goodman,female,Tampa,37,Restaurant Executive Chef,High School,35221
00595526,Deborah,Burns,female,Miami,64,Economics Teacher,Master's Degree,35523
72752e7b,Jordan,Hill,male,San Francisco,23,Musical Theater Actor,High School,35695
33673eb2,Andrew,Luna,male,Norfolk,31,Animation Voice Actor,High School,43822
119475c6,Melissa,Travis,female,Tampa,67,ADR Voice Actor,High School,49673
7a357275,Jasmine,Jones,female,San Francisco,33,Display Coordinator,Bachelor's Degree,27178
7ac1ece3,Christopher,Franco,male,Spokane,52,Corporate Travel Agent,Bachelor's Degree,24854
32c4d5b9,Patricia,Gray,female,Springfield,21,Warehouse Supervisor,Bachelor's Degree,34313
21c0b004,Donald,Wilson,male,Philadelphia,90,Kindergarten Teacher,Doctoral Degree,27607
71c989f9,Carla,Brown,female,Spokane,73,Electronics Inspector,High School,27086
35ad696e,Erin,Henry,female,Chicago,59,Adjunct Professor,Master's Degree,53934
51c0d914,David,Ramos,male,Spokane,85,X-ray Technician,Doctoral Degree,25302
af18eb91,Daniel,Walters,male,Reno,44,Specialty Drink Barista,High School,19498
71c2317e,Shirley,Boone,female,Philadelphia,21,Precision Instrument Assembler,High School,22038
dad60036,Drew,Johnson,male,Seattle,47,Foundation Engineer,Bachelor's Degree,42486
7e0a9e0b,Joel,Chavez,male,Detroit,36,Wedding Planner,Bachelor's Degree,23131
9b8a1ca6,Kari,Smith,female,Boston,66,Safety Compliance Inspector,High School,33882
37a1002f,Lori,Jones,female,Seattle,65,Research Scientist,Doctoral Degree,53624
24d16651,Kimberly,Velazquez,female,Chesapeake,83,MRI Technician,Master's Degree,33009
d4b7d4ff,Tony,Thompson,male,Aurora,40,Clothing Store Manager,Bachelor's Degree,25097
51f19893,Jennifer,Becker,female,Warren,72,Restaurant Sous Chef,High School,35373
016f288c,Steve,Schaefer,male,Columbus,33,Hotel Sous Chef,High School,40779
14870c4e,Michael,Mcguire,male,Boston,43,Restaurant Sous Chef,High School,37182
1d63275c,Anne,Shields,female,Los Angeles,43,Rehabilitation Speech Therapist,Doctoral Degree,29071
f52b5db4,Dawn,Mcdowell,female,Spokane,38,Sales Representative,Bachelor's Degree,26863
52e1fe67,Virginia,Edwards,female,Los Angeles,24,Catering Sous Chef,High School,34329
534a2b57,Angela,Moore,female,Miami,63,Rehabilitation Occupational Therapist,Doctoral Degree,33643
3921fa46,Rebecca,Fuller,female,Allentown,89,Hip-Hop Dancer,High School,26383
877f6d93,Chelsea,Brown,female,San Francisco,76,Hotel Sous Chef,High School,33786
4f0cb049,Regina,Stone,female,Miami,68,Assembly Process Inspector,High School,29694
355868da,Donald,Perez,male,Aurora,22,Abstract Painter,High School,35371
25ad0355,James,Quinn,male,Houston,62,Comic Book Illustrator,High School,36841
8570611d,Becky,Livingston,female,Grand Rapids,52,Warehouse Supervisor,Bachelor's Degree,29453
dd7bae2a,Michele,Fitzpatrick,female,Buffalo,84,Assembly Process Inspector,High School,32044
50b380b3,Alyssa,Sanchez,female,Tampa,53,Engine Assembler,High School,22328
fd77736c,Erin,Allen,female,San Diego,31,Video Game Voice Actor,High School,41113
7a53df88,Steven,Huang,male,Columbus,51,Probate Magistrate,Doctoral Degree,56106
12ce80eb,David,Wilson,male,Naperville,45,Classical Theater Actor,High School,33728
d4f7428c,Paul,Abbott,male,Philadelphia,47,Highway Engineer,Bachelor's Degree,42269
9645ca72,James,Valentine,male,Allentown,48,Sales Representative,Bachelor's Degree,29964
171d4cb6,Eric,Moore,male,Virginia Beach,83,Physics Teacher,Master's Degree,34388
c5eb0dd0,Daniel,Reed,male,Warren,71,Endowed Chair,Master's Degree,60554
612c192f,Samantha,Benton,female,Chicago,65,Science Teacher,Master's Degree,37327
b7cc9e0a,Terry,Perry,male,Springfield,27,Drama Movie Actor,High School,20757
531056f0,Vincent,Bennett,male,Miami,58,Wood Sculptor,High School,22021
2d5cb0dd,Jasmine,Reynolds,female,Reno,31,Musical Theater Choreographer,High School,25757
c226f71a,Jasmin,Mccall,female,Augusta,69,Rehabilitation Speech Therapist,Master's Degree,28904
581c3168,Alan,Smith,male,Virginia Beach,58,Bridge Engineer,Bachelor's Degree,36115
fecfc5ae,Felicia,Campbell,female,Reno,61,Pediatric Speech Therapist,Doctoral Degree,30697
3070d3e3,Justin,Evans,male,Columbus,58,Restaurant Pastry Chef,High School,42137
0141a79b,Amanda,Garcia,female,Norfolk,22,Device Assembler,High School,28718
a41bd053,Zachary,Martin,male,Spokane,39,Physics Teacher,Doctoral Degree,39840
7b1d7897,Amanda,Patton,female,Dallas,34,Comic Book Illustrator,High School,32180
85572256,Michael,Jordan,male,Rochester,33,Conference Organizer,Bachelor's Degree,28516
b8c1a5b2,Luis,Oliver,male,San Diego,86,Divorce Lawyer,Doctoral Degree,47260
c156640b,Terri,Ortiz,female,Pittsburgh,80,Bar Bartender,High School,16448
26b766bb,Michele,Johnson,female,San Francisco,42,Soil Conservation Technician,Bachelor's Degree,30975
ee6acacb,Amy,Anderson,female,Augusta,84,Engine Assembler,High School,28674
8cfcd911,Steven,Parker,male,San Diego,50,Rehabilitation Speech Therapist,Doctoral Degree,30374
50383c06,Rebecca,Garza,female,Los Angeles,47,Circuit Board Assembler,High School,23216
1f02ec8b,Heather,Huber,female,Grand Rapids,36,Fine Dining Waiter,High School,23284
0bea0cf6,Jon,Smith,male,San Francisco,40,Soil Mechanics Engineer,Bachelor's Degree,38797
8f901f30,Mark,Floyd,male,Atlanta,50,Grinding Machine Operator,High School,31021
1ecfc843,Joseph,Chapman,male,Atlanta,46,Chassis Assembler,High School,22492
09d56a50,Lindsay,Wilson,female,Atlanta,59,Coffee Barista,High School,21432
b69ceb80,Thomas,Medina,male,Buffalo,75,Abstract Painter,High School,35425
b21cc5bc,Thomas,Nichols,male,Detroit,42,Preschool Teacher,Doctoral Degree,28553
0ae99224,Stephanie,Walton,female,Aurora,37,Component Assembler,High School,26645
8d447a24,Amber,Oneal,female,Henderson,25,Drama Movie Actor,High School,37868
997850ce,Tonya,Collier,female,Dallas,76,Assembly Process Inspector,High School,31132
d965eb27,Paul,Roberts,male,Orlando,71,Specialty Drink Barista,High School,23218
43a78ff7,Jeff,Williams,male,San Diego,75,Cocktail Bartender,High School,18436
95c55107,Stephanie,Martinez,female,Augusta,23,Musical Theater Choreographer,High School,21079
4bb1d8cf,Charles,Alvarez,male,Norfolk,36,Polymer Engineer,Bachelor's Degree,38516
4ccb533d,Jerry,Clay,male,Tacoma,33,Embedded Systems Engineer,Bachelor's Degree,50563
7e7c718a,Christopher,Williams,male,Houston,20,Specialty Drink Barista,High School,18381
dcc5f798,Isaiah,Neal,male,Las Vegas,44,Event Bartender,High School,24880
617e0519,Tyler,Clements,male,Norfolk,31,Ballet Dancer,High School,26284
f4543ab4,William,Anderson,male,Boston,45,Labor and Delivery Nurse,Doctoral Degree,32060
cd2e06ff,Rachel,Parker,female,Warren,25,Precision Instrument Assembler,High School,22654
f311ce66,Ryan,Clark,male,Los Angeles,45,Food Safety Specialist,Bachelor's Degree,37991
f7988339,David,Munoz,male,Houston,87,Plastic Molding Operator,High School,31696
d63dfeed,Tanya,Arellano,female,Norfolk,22,Chain Hotel Manager,Bachelor's Degree,35344
33a00093,Roger,Hill,male,Warren,39,Comedy Movie Actor,High School,23228
07c475a3,Jennifer,Bailey,female,Grand Rapids,40,Pop Singer,High School,41913
a71e60c5,Richard,Howard,male,Pittsburgh,54,Stone Sculptor,High School,38649
cd54be02,John,Ross,male,Warren,76,Guitarist,High School,37569
edd42066,Steven,Smith,male,San Francisco,29,Cocktail Bartender,High School,22806
340d6328,David,Noble,male,Allentown,71,IT Project Manager,Bachelor's Degree,44525
75bf4a73,Cynthia,Williams,female,Orlando,63,Environmental Judge,Master's Degree,83796
7476a899,Joshua,Moore,male,Warren,72,Rehabilitation Speech Therapist,Doctoral Degree,33780
fccacbf7,Brian,Brooks,male,Austin,26,Cardiothoracic Surgeon,Master's Degree,103347
755ca250,Dylan,Graham,male,San Francisco,28,Restaurant Executive Chef,High School,30187
dfe649df,Richard,Preston,male,Seattle,29,Restaurant Sous Chef,High School,36746
93609f99,Susan,Hahn,female,Warren,66,Compounding Pharmacy Technician,Doctoral Degree,29640
663bb6e5,Jason,Pierce,male,Allentown,67,Electronics Inspector,High School,30941
f9f1fa4d,Melanie,Blackwell,female,Pittsburgh,36,Engine Assembler,High School,23259
e71ae540,Natasha,Hines,female,Worcester,42,Tea Barista,High School,18985
aaebb989,Rhonda,Williamson,female,Miami,24,Packaging Process Inspector,High School,30681
0b0b3672,Diane,Snyder,female,Tacoma,60,Logistics Manager,Bachelor's Degree,57161
bf5abcc3,Monica,Kemp,female,Austin,41,Public Defender,Master's Degree,52339
e346dc4e,James,Carter,male,Virginia Beach,62,Room Attendant,Bachelor's Degree,35037
b4ba7b55,Billy,Wilson,male,Austin,61,Plant Breeder,Bachelor's Degree,26011
6e77d32c,Raymond,Padilla,male,Atlanta,27,ADR Voice Actor,High School,32176
b99d2061,Elizabeth,Golden,female,Reno,77,Immigration Judge,Master's Degree,87343
157586a6,Ruth,Gibbs,female,Seattle,81,Geriatric Occupational Therapist,Doctoral Degree,37884
77e2139c,Renee,Chavez,female,Detroit,42,Hip-Hop Dancer,High School,27659
86aa37a2,Justin,Rojas,male,Buffalo,63,Fine Dining Waiter,High School,24383
575750ee,Karina,Orozco,female,San Francisco,78,Conference Organizer,Bachelor's Degree,23840
5bb9f6f6,Tiffany,Chan,female,Atlanta,33,Comedy Movie Actor,High School,42128
648c5e4a,Leah,Gray,female,Tampa,55,Electrical Systems Assembler,High School,21162
5b192e90,Russell,Lee,male,Chicago,81,Pediatrician,Doctoral Degree,88664
5a8e1655,Kristen,Bauer,female,Tampa,42,Process Engineer,Bachelor's Degree,45664
1b454be3,Edwin,Hill,male,Orlando,32,Inside Sales Representative,Bachelor's Degree,27956
da42c2dc,Kyle,Moore,male,Aurora,73,Ceramic Engineer,Bachelor's Degree,41362
edb42b7c,Sandra,Lawson,female,Worcester,21,Restaurant Executive Chef,High School,37398
f01058a8,Russell,Todd,male,Reno,25,Hydraulic Press Operator,High School,31332
eaafc46b,John,Chavez,male,Henderson,62,Propulsion Engineer,Bachelor's Degree,47292
1e3cb9a5,Laurie,Ford,female,Warren,38,Stone Sculptor,High School,38086
06e7a697,Carrie,Johnson,female,Seattle,29,Quality Control Manager,Bachelor's Degree,55627
08dc1754,Amanda,Harrell,female,Buffalo,84,Resort Executive Chef,High School,32030
82c3211f,Pamela,Beard,female,Buffalo,71,Regulatory Compliance Inspector,High School,28294
b5797b91,Joshua,Vasquez,male,Grand Rapids,86,Drama Movie Actor,High School,44320
7c2760fb,John,King,male,Boston,27,Watercolor Painter,High School,33614
5a7169ee,Jennifer,Rosario,female,Orlando,61,Manufacturing Process Inspector,High School,25213
88752158,Noah,Downs,male,Buffalo,89,Metal Sculptor,High School,21065
d9255efb,Emily,Jones,female,New York City,50,Family Court Judge,Master's Degree,70030
3e6ca6e4,Audrey,Mays,female,Austin,24,Tea Barista,High School,21251
49027f12,Meagan,Baldwin,female,Columbus,86,Classical Theater Actor,High School,37470
199144ba,Richard,Wilson,male,Augusta,45,Jazz Singer,High School,41388
baa8d599,Stephanie,Miller,female,Tampa,62,Probate Magistrate,Master's Degree,54375
c19881a9,Reginald,Wu,male,New York City,70,Ballet Choreographer,High School,22694
ba04e1c4,Daniel,Erickson,male,Springfield,83,Surgeon,Master's Degree,118138
26491789,Angela,Grant,female,Tampa,32,Stone Sculptor,High School,22062
ae787f67,Jesus,Johnson,male,Buffalo,50,Cocktail Bartender,High School,21785
a995a644,Lucas,Meza,male,Chicago,74,Metal Molding Operator,High School,27500
520f77e5,Amanda,Larsen,female,Detroit,86,Plant Breeder,Bachelor's Degree,38515
c33c35f6,David,Paul,male,Dallas,39,Engine Assembler,High School,28180
64e2d5b8,Micheal,Jackson,male,Spokane,42,Science Teacher,Doctoral Degree,35468
f39c6f82,Ryan,Ford,male,Henderson,46,Component Assembler,High School,25245
c4a504ba,Brittney,Harrison,female,Norfolk,54,Drama Movie Actor,High School,38486
fb355986,William,Wells,male,Chesapeake,35,Children's Book Illustrator,High School,37533
051cfe39,Melissa,Stanley,female,Las Vegas,57,Room Attendant,Bachelor's Degree,40189
a58099da,Sherry,Graham,female,Houston,88,Film Composer,High School,24300
49667517,Jeffery,Freeman,male,Reno,42,Concierge,Bachelor's Degree,37300
28683a24,Anthony,Phelps,male,Houston,35,Powertrain Engineer,Bachelor's Degree,47863
00cf74f9,Vicki,Palmer,female,Los Angeles,57,Action Movie Actor,High School,43231
b1aa6b1d,Richard,Reed,male,Detroit,29,Power System Engineer,Bachelor's Degree,48221
97b6a6b0,Jeremiah,Acosta,male,Miami,75,Modern Dancer,High School,32052
d439dead,Lindsey,Ramirez,female,Houston,26,Catering Sous Chef,High School,27640
da48a4be,Stephanie,Sharp,female,San Diego,44,Robotics Engineer,Bachelor's Degree,41844
cfff01b4,Pamela,Morales,female,Houston,74,Laundry Attendant,Bachelor's Degree,39101
b0f31ede,Jeffrey,Kim,male,Warren,54,Bakery Pastry Chef,High School,41003
584ff2d8,Donna,Hart,female,Spokane,47,Traffic Engineer,Bachelor's Degree,36334
0711a242,Brandy,Fisher,female,Miami,42,Drama Movie Actor,High School,29981
d5f729f8,Michael,Bryan,male,Chicago,40,Electronics Inspector,High School,31744
80a1b5f1,Sharon,Moore,female,Naperville,77,Propulsion Engineer,Bachelor's Degree,37267
a9683d0e,Cassandra,Mendoza,female,Tampa,59,Device Assembler,High School,27544
511b5065,Lori,Cole,female,Tampa,57,B2B Sales Representative,Bachelor's Degree,22729
5649f57c,David,Hall,male,Aurora,38,Brake Press Operator,High School,22289
86266cf3,Allen,Adams,male,Boston,83,Department Head,Master's Degree,85788
aa068e40,Crystal,Blackburn,female,Reno,84,Pathology Technician,Master's Degree,30939
fbf9ad74,Amber,Harrison,female,Philadelphia,67,Inside Sales Representative,Bachelor's Degree,30069
c285ed47,Sarah,Farley,female,Allentown,77,Modern Dancer,High School,27974
b9bba5ee,Ashley,Reese,female,Grand Rapids,75,Mergers and Acquisitions Lawyer,Master's Degree,77677
461627df,Derrick,Carlson,male,Miami,34,Drama Movie Actor,High School,26609
31e7ee2f,Ryan,Thompson,male,Columbus,37,Modern Dancer,High School,25291
64d567b5,Anita,Jackson,female,Chesapeake,89,Economics Teacher,Doctoral Degree,36290
8b7f13c8,Shawn,Baxter,male,San Francisco,58,Rubber Molding Operator,High School,27151
4b7fb426,Mary,Burnett,female,San Francisco,70,Lathe Operator,High School,28759
bcb39e1f,James,Williams,male,San Francisco,86,Hydraulic Press Operator,High School,27343
fc60e7ac,Bridget,Alvarez,female,Chicago,70,Tea Barista,High School,18148
80654cf9,Steven,Hayes,male,Spokane,63,UX Designer,Bachelor's Degree,43387
81c95945,Aaron,Palmer,male,Las Vegas,39,Engine Assembler,High School,27191
a4eea4be,Sara,Roberson,female,San Diego,41,Classical Composer,High School,29051
00d95797,Terry,Gill,male,Allentown,48,B2B Sales Representative,Bachelor's Degree,33539
05266cd9,Kristen,Taylor,female,Las Vegas,38,Electronics Inspector,High School,30231
bed546dc,Kayla,Pratt,female,Tacoma,83,Hospital Pharmacy Technician,Doctoral Degree,27733
5cd1036a,Patricia,Moore,female,Boston,88,Intellectual Property Lawyer,Master's Degree,78679
6de8f80c,Pamela,Lopez,female,Grand Rapids,19,Opera Singer,High School,26558
cd6551e6,Karen,Ramirez,female,San Diego,54,Restaurant Pastry Chef,High School,31046
358f27a6,Margaret,Smith,female,Austin,59,English Teacher,Master's Degree,37492
be257fb9,Arthur,Miller,male,Tampa,31,Hydraulic Press Operator,High School,23944
72e1ea9e,Leah,Jackson,female,Tampa,30,Leisure Travel Agent,Bachelor's Degree,25430
0ec94d38,Jacqueline,Fernandez,female,Las Vegas,20,Industrial Machine Assembler,High School,25310
dd2ddb64,Nathan,Singleton,male,Spokane,48,Adoption Lawyer,Doctoral Degree,64215
069cdf98,Sandra,Turner,female,Miami,56,Musical Theater Choreographer,High School,34145
fc74239a,Brenda,Davis,female,Pittsburgh,31,Textile Inspector,High School,25727
befb5afe,Tammy,Moran,female,Reno,60,Resort Executive Chef,High School,31192
18cb3cae,Cassandra,Burgess,female,Philadelphia,32,Traffic Engineer,Bachelor's Degree,43107
eb53a905,Mark,Dorsey,male,Columbus,32,Commercial Farm Manager,Bachelor's Degree,20053
ccd46226,Stephen,Stanley,male,Rochester,48,Logistics Manager,Bachelor's Degree,53656
5124c0ba,Tonya,Johnson,female,Aurora,52,Cultural Tour Guide,Bachelor's Degree,30838
b1402a40,Daniel,Armstrong,male,Detroit,22,Component Assembler,High School,22838
0f18dd68,Patricia,Jones,female,Atlanta,33,B2B Sales Representative,Bachelor's Degree,26544
444c3236,Virginia,Hanson,female,Warren,50,Fine Dining Waiter,High School,19053
48bec8c2,Dale,Sullivan,male,Allentown,57,Electrical Systems Assembler,High School,28589
8f813033,Karen,Jones,female,Las Vegas,21,Power System Engineer,Bachelor's Degree,40003
79c9c9e6,Wendy,Evans,female,Seattle,33,LAMP Stack Developer,Bachelor's Degree,40439
bfb7c3e5,Andrew,James,male,San Diego,75,Divorce Lawyer,Master's Degree,63150
43909998,Gregory,Massey,male,Dallas,36,Modern Dancer,High School,23109
fef560a5,Rebekah,Dyer,female,Naperville,86,Contemporary Choreographer,High School,23297
ca66b024,Ashley,Lopez,female,Pittsburgh,24,Electronics Wholesale Manager,Bachelor's Degree,34603
cf7f08bd,Gordon,Moreno,male,Tacoma,80,Grade 3 Teacher,Master's Degree,30542
3b101504,Anthony,Black,male,Naperville,29,Labor Judge,Master's Degree,77966
5897a97d,Andrew,Gonzalez,male,Reno,19,Contemporary Choreographer,High School,29807
0059012f,Deanna,Floyd,female,Miami,48,Modern Dancer,High School,29233
d17cf38a,Amy,Barajas,female,Houston,89,Family Magistrate,Master's Degree,61755
cab8fcdf,Doris,Hamilton,female,Tacoma,77,X-ray Technician,Doctoral Degree,26816
29adc949,Michele,Aguilar,female,San Francisco,58,Abstract Painter,High School,32009
6b9a03cd,Stephanie,Harris,female,Chicago,89,MRI Technician,Master's Degree,32744
a9116872,John,Bailey,male,Dallas,45,Department Head,Master's Degree,61008
8b4d9be3,Shelby,Robinson,female,Tacoma,41,Biology Teacher,Doctoral Degree,36099
2aa06425,Frank,Calderon,male,Henderson,89,Tenured Professor,Master's Degree,84095
e69ec647,Stacey,Rogers,female,San Diego,69,Digital Illustrator,High School,39758
ec0a5407,Katherine,Wilson,female,Dallas,18,Pop Singer,High School,35212
529ec565,Sarah,Taylor,female,Austin,67,Physical Education Teacher,Master's Degree,34363
569e25b6,Gabrielle,Patrick,female,Aurora,50,Children's Book Illustrator,High School,25604
b35f3898,Ryan,Martinez,male,New York City,66,Room Attendant,Bachelor's Degree,43436
88b40c1a,Aaron,Flowers,male,Virginia Beach,48,Punch Press Operator,High School,28786
fb043e6c,Ashley,Spencer,female,Aurora,25,Food Safety Specialist,Bachelor's Degree,32293
e65daa8a,Andre,Richards,male,Tampa,32,Electronics Wholesale Manager,Bachelor's Degree,28350
28fad6aa,Natalie,Lowery,female,Warren,60,Milling Machine Operator,High School,30446
96ff4959,Gerald,Crosby,male,Naperville,66,Milling Machine Operator,High School,27616
00a31f0d,Dennis,Reed,male,Aurora,88,Children's Book Illustrator,High School,38924
b7628f9d,Jesse,Melton,male,Philadelphia,47,Hospital Pharmacy Technician,Master's Degree,33878
32c2b272,Laura,Faulkner,female,Philadelphia,22,Device Assembler,High School,26072
39fc7805,William,Chandler,male,Henderson,81,Musical Theater Actor,High School,40522
7ec272ae,Paul,Wilson,male,Los Angeles,65,Defense Lawyer,Master's Degree,40394
f6e25ddf,Mark,Clay,male,Grand Rapids,30,Drama Movie Actor,High School,20566
8baf426e,Kristen,Peterson,female,Buffalo,71,Art Teacher,Master's Degree,42073
54528d9c,John,Coffey,male,Columbus,55,Fine Dining Waiter,High School,22935
e943743e,Manuel,Woods,male,Worcester,60,Web Developer,Bachelor's Degree,37504
182c99e9,Lauren,Foster,female,Grand Rapids,51,Experimental Theater Actor,High School,37498
ddb2701c,Robert,Sullivan,male,Henderson,24,Bakery Pastry Chef,High School,35775
7d43dee3,Jennifer,Lee,female,Orlando,67,Fine Dining Waiter,High School,16374
8a3252aa,Ann,Cunningham,female,Chesapeake,56,Grade 2 Teacher,Doctoral Degree,26849
48940f70,Deanna,Brandt,female,Miami,66,Children's Book Illustrator,High School,26628
33e0274c,Barbara,Zamora,female,Buffalo,77,Digital Illustrator,High School,31791
8dfe40dd,Justin,Lawrence,male,New York City,69,Research Laboratory Technician,Master's Degree,27614
a941ec1b,Colleen,Garcia,female,Springfield,45,Corporate Event Planner,Bachelor's Degree,29978
dd4e8a03,Deborah,Hunt,female,Grand Rapids,55,Emergency Nurse,Doctoral Degree,39716
50fce9c0,Michael,Shaw,male,Philadelphia,33,Restaurant Pastry Chef,High School,37140
be6fed35,Regina,Fernandez,female,Springfield,52,Prosecutor,Master's Degree,56063
395182ce,Cassandra,Clark,female,Buffalo,66,Science Teacher,Master's Degree,30873
0ec7b3f3,Juan,Peterson,male,Norfolk,20,Ballet Dancer,High School,26204
ed375f0a,Matthew,Roberts,male,Rochester,18,Pop Singer,High School,26403
8189c4db,Lisa,Robertson,female,Seattle,32,Digital Illustrator,High School,24924
5f6bec9b,Alexander,Powell,male,Orlando,39,Restaurant Pastry Chef,High School,38772
9f4fec84,Jessica,Chavez,female,Dallas,84,Hotel Sous Chef,High School,40654
536cf4e0,Antonio,Underwood,male,Detroit,37,Pest Control Technician,Bachelor's Degree,39349
c7ab1ccb,James,Hanson,male,Virginia Beach,24,Pop Singer,High School,26098
599d46d5,Christina,Gutierrez,female,Orlando,63,Plant Breeder,Bachelor's Degree,30148
ef29baa1,Megan,Gibson,female,Reno,77,Drama Movie Actor,High School,39684
4846dfa6,Ian,Smith,male,New York City,43,Industrial Machine Assembler,High School,22914
26383e51,Rhonda,Williams,female,Dallas,50,Ballet Choreographer,High School,24073
009d4529,Brad,Hicks,male,Boston,47,Building Engineer,Bachelor's Degree,43634
db4cd880,Amber,Rocha,female,Spokane,28,Regulatory Compliance Inspector,High School,33631
f52812c6,Samuel,Smith,male,Dallas,38,Prosecutor,Doctoral Degree,55278
5b514347,Thomas,Hayes,male,Henderson,65,Action Movie Actor,High School,26304
3094b436,Jeffrey,House,male,Los Angeles,42,Industrial Machine Assembler,High School,22407
f3e0501c,Nicole,Wong,female,Norfolk,23,Industrial Machine Assembler,High School,29200
e34fcee2,Laurie,Trevino,female,Tacoma,38,Device Assembler,High School,29777
ac8b581f,Gerald,Davis,male,Philadelphia,83,Postdoctoral Researcher,Doctoral Degree,61569
1c654d7a,Kimberly,Sanders,female,Grand Rapids,87,Jazz Singer,High School,20387
8d5b3777,Frank,Fox,male,Philadelphia,85,Bakery Pastry Chef,High School,39608
2c8569e8,William,Bowman,male,Orlando,82,Industrial Machine Assembler,High School,20297
20302397,Erica,Perry,female,Columbus,23,UI Developer,Bachelor's Degree,36142
03e8a6eb,Tyler,Lucas,male,Houston,78,Metal Sculptor,High School,21326
9d48d0b5,Mark,Garner,male,Grand Rapids,90,X-ray Technician,Doctoral Degree,26971
f340d630,Raymond,Lewis,male,Chesapeake,85,Foundation Engineer,Bachelor's Degree,47576
5749283a,Carolyn,Graham,female,Warren,52,Jazz Singer,High School,41447
27d3b18a,Bianca,Fisher,female,Los Angeles,79,Stone Sculptor,High School,28732
c25e4adf,Ethan,Reyes,male,Tampa,44,Water Treatment Engineer,Bachelor's Degree,44695
fe9d4c89,Hannah,Webb,female,Allentown,42,Polymer Engineer,Bachelor's Degree,54278
f94927dd,Pamela,Mejia,female,Philadelphia,90,Endowed Chair,Master's Degree,78166
fc5f61f7,Mike,Foster,male,Pittsburgh,36,Hotel Sous Chef,High School,38412
893a9f87,Aaron,Liu,male,Reno,37,Bar Bartender,High School,23720
02cd129a,Dawn,Obrien,female,Henderson,41,Display Coordinator,Bachelor's Degree,22161
6befe4a3,Julia,Bond,female,Grand Rapids,38,Laundry Attendant,Bachelor's Degree,29205
e4cc3a5b,Kenneth,Pineda,male,Allentown,44,Electronics Inspector,High School,33741
dc2f1012,Debbie,Weber,female,San Francisco,20,Watercolor Painter,High School,28826
dc6803fe,Gregory,Rojas,male,Allentown,65,Plastic Molding Operator,High School,23431
b30269f0,Christopher,Turner,male,Buffalo,54,Oil Painter,High School,35874
44c79408,Melissa,Bell,female,Henderson,39,Petrochemical Engineer,Bachelor's Degree,40132
c0c6f383,Beth,Sandoval,female,Rochester,25,Hotel Sous Chef,High School,39566
c337dd28,Lauren,Jones,female,Rochester,77,Probate Magistrate,Doctoral Degree,84020
0335a3bd,Jennifer,Johnson,female,Las Vegas,54,Preschool Teacher,Doctoral Degree,26921
997cd1e5,Mary,Snow,female,Chesapeake,31,Adoption Lawyer,Doctoral Degree,52029
36e20f3d,Robin,Rich,female,Houston,81,History Teacher,Doctoral Degree,28879
ec22048c,William,Allen,male,Seattle,56,Math Teacher,Doctoral Degree,29846
083f88ee,Dawn,Serrano,female,Atlanta,81,Resort Executive Chef,High School,32717
276dbd66,David,Brooks,male,Austin,47,Corporate Travel Agent,Bachelor's Degree,24817
95eea113,Karen,Salazar,female,Springfield,62,Precision Instrument Assembler,High School,26977
4867f053,Sara,Fox,female,Naperville,80,Mergers and Acquisitions Lawyer,Doctoral Degree,70336
a743f0fc,Devon,Buchanan,male,New York City,71,Classical Theater Actor,High School,37491
eb5188aa,Joshua,Hebert,male,Los Angeles,57,Ballet Dancer,High School,28568
d402313d,Melissa,Brown,female,Pittsburgh,39,Circuit Board Assembler,High School,25881
a9c7e480,Linda,Browning,female,Chicago,90,Geriatric Occupational Therapist,Master's Degree,33354
4f2d0291,Madeline,Aguilar,female,Augusta,47,Brake Press Operator,High School,23637
d9eae822,David,Garcia,male,Pittsburgh,40,Plastic Molding Operator,High School,30750
d5962395,Becky,Mitchell,female,Buffalo,39,Vehicle Design Engineer,Bachelor's Degree,36199
c17b1d58,Brian,Hernandez,male,Warren,89,Violinist,High School,25829
303a62b0,Emma,Wright,female,Worcester,59,Corporate Compliance Lawyer,Master's Degree,63231
1635b76c,Dominique,Cook,female,New York City,51,Bridge Engineer,Bachelor's Degree,48141
e73c8caf,Kevin,Miller,male,Boston,70,Plastic Molding Operator,High School,22468
06a7bd01,Charles,Williams,male,Detroit,21,Hotel Sous Chef,High School,40638
569d3a6e,Kayla,Quinn,female,Seattle,57,Metal Molding Operator,High School,28536
1684a39d,Tiffany,Hall,female,Detroit,50,Kindergarten Teacher,Doctoral Degree,31083
1252954f,Scott,Hill,male,Worcester,66,Opera Singer,High School,26051
289050a0,Michael,Benjamin,male,New York City,56,Watercolor Painter,High School,24980
fe2ac625,Kaylee,Lynch,female,Las Vegas,28,Packaging Process Inspector,High School,33991
bd7627ce,Kelly,Delgado,female,Grand Rapids,80,Compounding Pharmacy Technician,Master's Degree,34519
888c9763,Madison,Browning,female,Columbus,22,Cocktail Bartender,High School,15410
8fcae65f,Louis,Fox,male,Grand Rapids,87,Film Composer,High School,20963
75a3ad53,Victoria,Powell,female,Rochester,34,Action Movie Actor,High School,28841
105baaa4,Michael,Fields,male,Miami,50,Commercial Photographer,High School,24748
45a6c500,Colleen,Parker,female,San Francisco,31,Event Bartender,High School,18840
