person_id,first_name,last_name,gender,city,age,education,profession,annual_income
1ce5b3d4,Tina,Carocci,female,Messina,70,Master's Degree,Probate Magistrate,84158
31be235b,Romana,Liverotti,female,Matera,39,High School,Punch Press Operator,31045
9d4e6b68,Nino,Antonetti,male,Catanzaro,29,Bachelor's Degree,Manufacturing Project Manager,48926
25ddd83f,Pasqual,Barzini,male,Rieti,41,High School,Metal Molding Operator,23677
616b875b,Leone,Zecchini,male,Siracusa,53,High School,Landscape Photographer,35907
a71fa5e8,Benvenuto,Santi,male,Milano,44,High School,Metal Molding Operator,26919
c383c151,Elladio,Regge,male,Agrigento,67,High School,Children's Book Illustrator,25338
a389a071,Orlando,Casadei,male,Macerata,45,High School,Brake Press Operator,22950
35370f67,Greco,Piccio,male,Barletta-Andria-Trani,40,High School,Oil Painter,35000
c9b2cffe,Rosa,Alighieri,female,Rovereto,70,Master's Degree,Retail Pharmacy Technician,28621
777738f4,Ninetta,Flaiano,female,Crotone,60,High School,Casual Dining Waiter,22996
5a3abe0e,Melania,Garobbio,female,Ferrara,25,High School,Comic Book Illustrator,36073
e38ed9f3,Claudia,Tamburini,female,Caserta,62,Bachelor's Degree,B2B Sales Representative,23230
bcd39282,Ubaldo,Frescobaldi,male,Parma,57,High School,Hydraulic Press Operator,28689
457c2506,Romana,Bonaventura,female,Modena,57,High School,Cocktail Bartender,22829
1fc7765d,Giacomo,Civaschi,male,Massa Carrara,52,Bachelor's Degree,Field Sales Representative,25026
c2761ca0,Giampaolo,Dalla,male,Crotone,41,High School,Ballet Choreographer,27469
143c76c5,Martina,Sagese,female,Rovereto,40,High School,Comedy Movie Actor,32956
9746c871,Luciano,Casagrande,male,Lodi,53,Bachelor's Degree,Conference Organizer,28016
2e03facf,Vincenza,Vendetti,female,Novara,67,Master's Degree,X-ray Technician,28767
6b0a7b60,Pierina,Altera,female,Firenze,61,High School,Opera Singer,34970
9b6b71a8,Pomponio,Saraceno,male,Como,64,Bachelor's Degree,Quality Assurance Manager,52956
8df71b3a,Paoletta,Montesano,female,Sulcis Iglesiente,48,Doctoral Degree,Defense Lawyer,69627
688e0c28,Leonardo,Giannini,male,Pesaro,57,Master's Degree,Prosecutor,48456
d85534f6,Lauretta,Campano,female,Lecco,34,Bachelor's Degree,Organic Farm Manager,28302
1d2b8f04,Niccolò,Pavarotti,male,Asti,41,Bachelor's Degree,Traffic Engineer,36956
503b7fdc,Berenice,Lamborghini,female,Venezia,35,Bachelor's Degree,Inventory Manager,34654
c167bb18,Lina,Trupiano,female,Bolzano,80,Doctoral Degree,Preschool Teacher,25304
776058ff,Lucrezia,Manunta,female,Ragusa,51,High School,Landscape Photographer,25040
00e30d6a,Imelda,Ossani,female,Treviso,40,High School,Musical Theater Actor,29426
bca80e6d,Sonia,Caironi,female,Enna,72,High School,Hip-Hop Dancer,24511
7ca6ef4c,Patrizio,Bernardi,male,Catania,89,Doctoral Degree,Defense Lawyer,68973
2c8586e2,Maria,Juvara,female,Biella,19,High School,Specialty Drink Barista,22567
864bc0eb,Antonino,Cusano,male,Catanzaro,33,High School,Hotel Pastry Chef,39052
9eaaa3f7,Pietro,Trussardi,male,Pordenone,64,High School,Component Assembler,24417
9e3dd89b,Paoletta,Martucci,female,Saint-Vincent,62,High School,Heavy Equipment Assembler,22031
ec218971,Angelina,Staglieno,female,Pordenone,40,High School,Assembly Process Inspector,25829
15a9154f,Pierina,Pace,female,Trieste,75,Doctoral Degree,Research Laboratory Technician,28611
dd891e4e,Giosuè,Almagià,male,Pesaro,75,High School,Restaurant Executive Chef,38887
b0c56f4f,Margherita,Lanfranchi,female,Messina,60,Doctoral Degree,Labor Judge,91404
fb8d063c,Raffaella,Chigi,female,Firenze,30,High School,Action Movie Actor,40470
63aa11e1,Sabatino,Gualandi,male,Barletta-Andria-Trani,69,High School,Punch Press Operator,29937
6d72da67,Vanessa,Bruscantini,female,Caltanissetta,61,Master's Degree,Child Custody Lawyer,45006
7696ff28,Letizia,Garibaldi,female,Nuoro,20,High School,Restaurant Pastry Chef,26391
9f8d370d,Paloma,Trapanese,female,Trapani,53,Bachelor's Degree,Sheep Farmer,25112
edba4cea,Baldassare,Caboto,male,Cosenza,42,Bachelor's Degree,Air Quality Engineer,47449
977c4d35,Martina,Pinamonte,female,Lodi,69,High School,Guitarist,26481
6c312380,Fausto,Cocci,male,Belluno,34,High School,Ballet Dancer,27553
bde3e396,Annunziata,Morandini,female,Parma,61,High School,Restaurant Executive Chef,25130
b6317903,Anita,Panicucci,female,Massa Carrara,63,High School,Restaurant Sous Chef,31206
42fa3197,Paola,Trevisan,female,Saint-Vincent,90,Bachelor's Degree,Bridge Engineer,43023
6d5a76f4,Nico,Castellitto,male,Rovigo,62,Bachelor's Degree,Building Engineer,42585
35a81f0a,Fernanda,Bonomo,female,Urbino,43,Bachelor's Degree,Quality Control Engineer,47506
7ffe50ce,Paloma,Ajello,female,Cosenza,24,High School,Grinding Machine Operator,23454
c190fdaa,Luisa,Peranda,female,Avellino,48,High School,Restaurant Executive Chef,44571
8f3299ab,Uberto,Surian,male,Macerata,49,High School,Catering Sous Chef,33417
cb11762a,Michela,Brenna,female,Pesaro,45,Master's Degree,Rehabilitation Speech Therapist,36431
8cf93dd6,Francesco,Trezzini,male,Padova,74,High School,Bar Bartender,23423
edd4bf9a,Raimondo,Matteotti,male,Cremona,84,High School,Opera Singer,26271
b0a87191,Simonetta,Scialpi,female,Massa Carrara,74,High School,Abstract Painter,34130
12fd0034,Lilla,Montanariello,female,Vibo Valentia,58,Bachelor's Degree,Inventory Manager,28175
e742b372,Dario,Travaglio,male,Siracusa,77,Bachelor's Degree,Cruise Travel Agent,32496
0ec59d54,Paolo,Zito,male,Alessandria,51,Bachelor's Degree,Grocery Store Manager,27435
7949c3c1,Milena,Toscanini,female,Ancona,57,High School,Bar Bartender,21908
0ec65466,Giuliana,Abate,female,Benevento,31,High School,Landscape Photographer,21687
8a71c6d0,Mariano,Giammusso,male,Termoli,20,High School,Violinist,21040
44d9b4e9,Liliana,Galeati,female,Pavia,81,High School,Coffee Barista,17767
6aaf79ae,Letizia,Romiti,female,Ascoli Piceno,46,Master's Degree,Geography Teacher,29879
fd88b07f,Lucia,Bernardini,female,Vercelli,32,High School,Casual Dining Waiter,24902
79ba7ddc,Valerio,Guariento,male,Parma,47,High School,Precision Instrument Assembler,22309
6c22be6f,Antonina,Moretti,female,Frosinone,73,Doctoral Degree,Defense Lawyer,62044
62de752c,Giuseppina,Napolitano,female,Medio Campidano,34,Bachelor's Degree,Web Developer,41524
3db7286d,Gianluca,Bonomo,male,Aosta,55,High School,Brake Press Operator,26334
d0095ecc,Lara,Tasca,female,Chieti,69,Doctoral Degree,Endowed Chair,53475
ea65d1ff,Durante,Molesini,male,Verbano-Cusio-Ossola,46,Bachelor's Degree,Cruise Travel Agent,32129
604e58e4,Ottavio,Infantino,male,Merano,42,Master's Degree,Environmental Judge,96332
dd5836f8,Mariana,Piacentini,female,Vercelli,63,Master's Degree,Lecturer,78708
0572e941,Amedeo,Bonaventura,male,Ancona,31,High School,Guitarist,36342
40ae7bd4,Allegra,Ferrara,female,Piacenza,87,High School,Modern Dancer,28006
19f4d7c5,Fabio,Maderna,male,Bressanone,42,High School,Environmental Compliance Inspector,33266
86cd6bc3,Flora,Durante,female,Termoli,58,Doctoral Degree,Environmental Judge,97615
23fe9f27,Sonia,Crespi,female,Lucca,50,High School,Digital Illustrator,31952
e5349cb1,Armando,Parri,male,Termoli,67,High School,Safety Compliance Inspector,27273
9ab7e431,Salvatore,Argenti,male,Bergamo,58,High School,Chassis Assembler,28806
2ec09550,Lara,Virgilio,female,Macerata,67,Doctoral Degree,Endowed Chair,82985
b427c568,Melina,Antonini,female,Lecco,35,Doctoral Degree,Science Teacher,35121
053dabd8,Ferdinando,Canali,male,Gorizia,63,High School,Brake Press Operator,28294
92e3df5f,Marcella,Jilani,female,Bari,38,Bachelor's Degree,MERN Stack Developer,42082
9b6ec4d4,Eraldo,Magnani,male,Lucca,31,High School,Musical Theater Choreographer,33440
3f0a71cd,Adele,Comencini,female,Bergamo,32,High School,Violinist,41058
e153f1ef,Martina,Gabrieli,female,Parma,18,Bachelor's Degree,Product Development Scientist,29792
add448bc,Paulina,Pizzo,female,Caserta,82,Doctoral Degree,Pediatric Occupational Therapist,31858
9b8ad624,Flavia,Berlusconi,female,Campobasso,34,High School,Restaurant Pastry Chef,42353
36be262d,Livia,Lancisi,female,Potenza ,86,High School,Experimental Theater Actor,36259
4ee6749e,Camillo,Lanfranchi,male,Verona,78,Master's Degree,Cardiothoracic Surgeon,104040
964db5fc,Giampiero,Lombardo,male,Biella,33,Doctoral Degree,Child Custody Lawyer,44821
96961042,Dina,Ajello,female,Oristano,45,Doctoral Degree,Mergers and Acquisitions Lawyer,42661
e1ef3880,Federico,Gilardoni,male,Parma,22,High School,Comedy Movie Actor,23837
5d28f86d,Ubaldo,Filippini,male,Firenze,18,Bachelor's Degree,Polymer Engineer,54846
0e1868b1,Vincenzo,Jilani,male,L'Aquila,31,High School,Electronics Inspector,27148
80f173a3,Ubaldo,Pozzecco,male,Ancona,60,Doctoral Degree,Clinical Laboratory Technician,32078
2137b932,Serena,Callegari,female,Monza,69,High School,Classical Composer,34015
e7bd069b,Dino,Maggioli,male,Pordenone,70,High School,Watercolor Painter,27914
b0e6c7b0,Giampaolo,Fattori,male,Messina,44,High School,Packaging Process Inspector,30748
ed0fd8be,Lisa,Manunta,female,Teramo,20,High School,Musical Theater Choreographer,28335
c70c6744,Maura,Pozzecco,female,Lecce,18,High School,Restaurant Executive Chef,32613
994bec76,Gianluca,Leonetti,male,Asti,77,Doctoral Degree,Family Magistrate,53369
cd67cf7e,Eugenia,Moccia,female,Pistoia,89,High School,Opera Singer,22944
1fd99723,Vittorio,Andreozzi,male,Aosta,59,Doctoral Degree,History Teacher,33111
349c28a0,Enrico,Treccani,male,Novara,89,High School,Lathe Operator,31803
a634b97c,Gianmarco,Falloppio,male,Piacenza,78,High School,Circuit Board Assembler,28043
7ed339cd,Francesco,Sagnelli,male,Pistoia,50,Doctoral Degree,Math Teacher,35032
008de515,Amalia,Cignaroli,female,Como,74,High School,Bar Bartender,15372
6c218337,Jacopo,Scarfoglio,male,Chieti,79,High School,Textile Inspector,27965
eac18206,Melania,Strangio,female,Bergamo,39,High School,Grinding Machine Operator,27445
02d85b52,Berenice,Bernardi,female,Chieti,42,Bachelor's Degree,Logistics Manager,44814
3056604f,Roman,Almagià,male,Gubbio,74,High School,Stone Sculptor,23224
5a2974db,Ivo,Pausini,male,Alessandria,57,High School,Digital Illustrator,37115
9d9c3bdc,Flavia,Ossani,female,La Spezia,79,High School,Engine Assembler,21471
0a8b1f85,Lauretta,Cagnotto,female,Grosseto,73,Master's Degree,Labor and Delivery Nurse,39624
7cb3fbc6,Laureano,Renault,male,Reggio-Emilia,47,High School,Restaurant Sous Chef,33225
ff146c0d,Giulio,Palladio,male,Prato,43,Master's Degree,Federal Appellate Judge,86068
07097e20,Piero,Scialpi,male,Merano,84,High School,Pop Singer,44140
f1b0c6d5,Nedda,Scaramucci,female,Nuoro,70,Bachelor's Degree,Power System Engineer,53881
d24ce4ec,Romina,Gangemi,female,Pavia,45,High School,Metal Sculptor,39495
470961aa,Agnolo,Geraci,male,Messina,82,Master's Degree,Labor and Delivery Nurse,33273
c5d9f5db,Paride,Berlusconi,male,Pisa,35,High School,Regulatory Compliance Inspector,30446
4e95047e,Lilla,Quasimodo,female,Gallura,24,High School,Electronic Composer,29449
e1577b42,Caterina,Cicala,female,Pescara,87,Doctoral Degree,Pediatric Occupational Therapist,36384
16af3207,Saverio,Guariento,male,Padova,56,High School,Specialty Drink Barista,24748
214adb47,Benvenuto,Ioppi,male,Ragusa,48,High School,Musical Theater Actor,22225
33541142,Natalia,Filippelli,female,Aosta,52,High School,Metal Sculptor,25606
820a4ebe,Beatrice,Comolli,female,Cuneo,64,High School,Portrait Photographer,31303
ed6e6cfd,Lauretta,Troisi,female,Brindisi,19,High School,Precision Instrument Assembler,24497
31879da5,Durante,Scotto,male,Sarre,37,High School,Engine Assembler,27464
72026d1c,Erika,Dulbecco,female,Brescia,40,Bachelor's Degree,Rock Mechanics Engineer,49394
44270581,Stefania,Morandini,female,Como,52,High School,Metal Molding Operator,27277
714ca82b,Giorgio,Camiscione,male,Chatillon,43,Doctoral Degree,Tenured Professor,45717
0650a68d,Giada,Foscari,female,Vibo Valentia,41,Bachelor's Degree,Shipping Coordinator,25807
8c20c437,Graziella,Faggiani,female,Belluno,69,Bachelor's Degree,Sales Representative,25500
f875b4a9,Giuseppe,Morricone,male,Pordenone,90,High School,Action Movie Actor,46027
22b1076a,Mercedes,Passalacqua,female,Rieti,72,Doctoral Degree,Physical Education Teacher,30837
acac9d6e,Milo,Caffarelli,male,Matera,86,Doctoral Degree,Emergency Nurse,32480
0ec025fd,Calogero,Antonini,male,Sondrio,85,High School,Restaurant Pastry Chef,42172
473e9979,Alessia,Morandi,female,Chatillon,79,High School,Precision Instrument Assembler,21337
02239623,Venancio,Paolucci,male,Alessandria,58,Bachelor's Degree,Continuous Improvement Manager,52262
6c7ce3c7,Lucrezia,Taliani,female,Arezzo,59,High School,Component Assembler,25437
9fdafa6d,Raffaello,Vanvitelli,male,Nuoro,81,High School,Regulatory Compliance Inspector,34941
31b43a15,Adele,Paltrinieri,female,Vibo Valentia,59,Master's Degree,Orthopedic Surgeon,107721
015773da,Flavia,Vecellio,female,Saint-Vincent,20,High School,Bakery Pastry Chef,44530
0d0be14c,Maria,Missoni,female,Bergamo,39,High School,Pianist,21039
02537ce6,Valentina,Vercelloni,female,Messina,67,Master's Degree,Adjunct Professor,54937
c1a94f5a,Flora,Vergerio,female,Pordenone,72,Doctoral Degree,Pathology Technician,29871
e9797d98,Bianca,Mercalli,female,Udine,37,High School,Pianist,32601
1e92e152,Fabia,Visconti,female,Sarre,65,High School,Abstract Painter,22129
42d00436,Ivo,Sforza,male,Urbino,76,Doctoral Degree,Public Defender,41245
887a5a72,Dolores,Ludovisi,female,Rovigo,63,High School,Drama Movie Actor,34949
5a64e235,Loredana,Squarcione,female,Prato,69,Bachelor's Degree,Soil Scientist,37970
eddd47f3,Ilaria,Bertoli,female,Bressanone,78,Master's Degree,Cardiothoracic Surgeon,95847
63ad9663,Giuliana,Rossini,female,Ragusa,56,High School,Modern Dancer,22100
5c69443b,Adriana,Bonaventura,female,Matera,48,High School,Comic Book Illustrator,34684
ef2fe267,Carmelo,Impastato,male,Catania,62,High School,Engine Assembler,29314
ccb8b4de,Chiara,Pometta,female,Aosta,58,Master's Degree,CT Scan Technician,31173
b62c5d29,Rembrandt,Sauli,male,Bressanone,85,High School,Violinist,35028
0d892102,Luigina,Gregori,female,Salerno,20,High School,Metal Molding Operator,28819
97d25c75,Matilda,Tuzzolino,female,Vibo Valentia,70,Master's Degree,Adjunct Professor,50694
af082bdc,Sergius,Iannucci,male,Torino,82,High School,Milling Machine Operator,25092
d8871b53,Pellegrino,Armani,male,Firenze,63,Master's Degree,Environmental Judge,71195
0b435d1d,Massimiliano,Ovadia,male,Chieti,85,Doctoral Degree,Intellectual Property Lawyer,53578
4196c5f5,Tatiana,Chigi,female,Trapani,82,High School,Digital Illustrator,36548
3286382c,Zaira,Gioberti,female,Reggio-Emilia,21,High School,Restaurant Sous Chef,43270
386b571b,Camilla,Tropea,female,Lucca,72,Doctoral Degree,Postdoctoral Researcher,50312
3f60aedf,Marcella,Borsiere,female,Sondrio,24,High School,Bar Bartender,23850
bb641322,Irma,Zaguri,female,Cuneo,68,Master's Degree,Divorce Lawyer,63417
f204e537,Luisa,Montanari,female,Cosenza,76,Master's Degree,MRI Technician,31725
74100cc6,Paola,Bruscantini,female,Frosinone,77,High School,Video Game Voice Actor,24075
dfc5f9bf,Sonia,Cilea,female,Verona,61,Bachelor's Degree,IT Project Manager,40528
a6dd33e3,Melina,Adinolfi,female,Modena,69,Bachelor's Degree,Cruise Travel Agent,26065
2443bd41,Gianluigi,Samele,male,Teramo,45,Bachelor's Degree,Cattle Farmer,23614
2008904f,Adelasia,Gianvecchio,female,Ogliastra,61,Bachelor's Degree,Commercial Farm Manager,23172
ddc1877a,Giuliano,Giulietti,male,Bari,37,High School,Bar Bartender,18473
c87e4fef,Ornella,Altera,female,Bergamo,51,Doctoral Degree,Tenured Professor,50287
ced22b67,Lina,Marazzi,female,Caserta,78,Master's Degree,Prosecutor,53223
450d1f7b,Benito,Vismara,male,Massa Carrara,45,Doctoral Degree,Economics Teacher,40351
4d1b1d38,Alessandra,Montanariello,female,Isernia,27,High School,Experimental Theater Actor,43234
0663c4f1,Camillo,Palombi,male,Messina,68,High School,Bar Bartender,18208
56945b83,Ilaria,Cafarchia,female,Reggio di Calabria,78,High School,Textile Inspector,34189
86d6dedd,Pierangelo,Bajamonti,male,Trapani,78,High School,Heavy Equipment Assembler,22257
175823a5,Cecilia,Accardo,female,Terni,42,High School,Opera Singer,30908
03819830,Giancarlo,Ferrucci,male,Novara,67,Master's Degree,MRI Technician,25506
77247378,Ninetta,Leoncavallo,female,Firenze,40,High School,Catering Sous Chef,28485
5f946f6b,Emilio,Fattori,male,Taranto,45,Bachelor's Degree,Grocery Store Manager,21579
b33e25ee,Fabrizio,Redi,male,Viterbo,35,High School,Hotel Executive Chef,30157
6044cd4e,Tiziano,Marinetti,male,Barletta-Andria-Trani,62,High School,Bakery Pastry Chef,36639
59c4963c,Severino,Guidotti,male,Potenza ,67,High School,Component Assembler,23526
abb65725,Atenulf,Garzoni,male,Caltanissetta,47,Bachelor's Degree,Rock Mechanics Engineer,48039
0ab9089d,Luchino,Bignami,male,Massa Carrara,86,Doctoral Degree,Adjunct Professor,75416
a5fcbd74,Luca,Impastato,male,Caserta,59,High School,Restaurant Executive Chef,32537
3b7aaff9,Valeria,Zanazzo,female,Fermo,82,High School,Fine Dining Waiter,21242
d63427ae,Piergiuseppe,Bernini,male,Trapani,66,Doctoral Degree,Art Teacher,36568
6e4f0f10,Tonia,Morandi,female,Trieste,67,Bachelor's Degree,Pharmaceutical Engineer,50519
165f4ccb,Greca,Giulietti,female,Arezzo,28,High School,Hotel Executive Chef,44137
49a73924,Salvi,Ferrucci,male,Ravenna,81,Master's Degree,Rehabilitation Occupational Therapist,29911
32cbd481,Salvi,Asprucci,male,Viterbo,38,High School,Guitarist,21305
270574f8,Franco,Vergerio,male,Livorno,77,Bachelor's Degree,Soil Conservation Technician,32827
3fd35692,Fabrizia,Marino,female,Mantova,43,Bachelor's Degree,Organic Farm Manager,28100
d40d3e22,Bianca,Letta,female,Gubbio,59,Bachelor's Degree,Soil Scientist,31510
ee75f741,Maurizio,Brenna,male,Gubbio,76,High School,Electronics Inspector,30652
c260837d,Pierpaolo,Giusti,male,Ancona,69,Doctoral Degree,Research Scientist,83914
e1c083a8,Federigo,Marinetti,male,Lecce,71,Master's Degree,Lecturer,62822
bd61e555,Alessia,Piane,female,Rovigo,50,High School,Resort Executive Chef,36976
a8ba2aab,Lina,Pellico,female,Grosseto,79,Master's Degree,Pathology Technician,30839
325aa89f,Sylvia,Pennetta,female,Teramo,33,Bachelor's Degree,Boutique Hotel Manager,30830
65194aca,Gemma,Bruscantini,female,Pistoia,26,High School,Rubber Molding Operator,26669
c3cc0f82,Leone,Carocci,male,Cremona,63,High School,Experimental Theater Actor,37270
39aefbff,Fiorenzo,Biagi,male,Trapani,73,Doctoral Degree,Child Custody Lawyer,74012
1e7daf78,Giuseppina,Ziani,female,Mantova,69,Doctoral Degree,Probate Magistrate,50437
7fa66732,Iolanda,Nicoletti,female,Avellino,52,High School,Pianist,25246
f0bbf4ea,Fedele,Visintini,male,Parma,90,High School,Hotel Executive Chef,38972
52738c77,Gianpaolo,Morpurgo,male,Massa Carrara,88,Master's Degree,Cardiothoracic Surgeon,79743
fa445d29,Cecilia,Semitecolo,female,Oristano,19,High School,Hip-Hop Dancer,29513
948071ef,Romeo,Capuana,male,Napoli,74,High School,Lathe Operator,30364
0113c06f,Pierluigi,Ajello,male,Isernia,85,Master's Degree,State Appellate Judge,99488
8b21667c,Gianpietro,Briccialdi,male,Merano,39,Bachelor's Degree,IT Project Manager,53953
2b33a4fe,Fabia,Lucarelli,female,Matera,43,Bachelor's Degree,Dairy Farm Manager,26779
2f31a888,Michele,Taliercio,male,Bologna,65,Master's Degree,Critical Care Nurse,43853
8f97f13d,Michela,Salieri,female,Belluno,23,High School,Violinist,36476
7870ab05,Pierpaolo,Campano,male,Pavia,76,Master's Degree,Pediatric Physical Therapist,31439
243c0244,Marina,Donatoni,female,Piacenza,54,High School,Electronics Inspector,29757
7687a2e1,Silvia,Pasolini,female,Bolzano,53,High School,Film Composer,26335
302a41ac,Raffaellino,Palladio,male,Sondrio,88,Master's Degree,Math Teacher,29588
c082d1fb,Livia,Guglielmi,female,Sarre,65,Bachelor's Degree,Cruise Travel Agent,31539
a70a1654,Gian,Zaguri,male,Verbano-Cusio-Ossola,36,High School,Landscape Photographer,36262
d9b97107,Rita,Cesarotti,female,Terni,84,Master's Degree,Public Defender,79604
60ddb51b,Coluccio,Crispi,male,Viterbo,73,High School,Environmental Compliance Inspector,25982
fc3e3c81,Fedele,Brichese,male,Varese,33,High School,Chassis Assembler,24897
bc2bde3a,Paloma,Cilibrasi,female,Padova,71,Master's Degree,Grade 3 Teacher,26958
1dea15c1,Antonello,Dellucci,male,Ferrara,48,Bachelor's Degree,Adventure Tour Guide,24264
fe96884a,Eva,Solimena,female,Vercelli,63,Bachelor's Degree,Cultural Tour Guide,34788
160ca042,Berenice,Filogamo,female,Siracusa,25,High School,Metal Sculptor,32982
ae9ecc2b,Donato,Proietti,male,L'Aquila,62,High School,Casual Dining Waiter,24342
98ad9f03,Donatello,Sabbatini,male,Gorizia,40,High School,Commercial Photographer,21515
2f70a840,Rocco,Saragat,male,Fermo,49,Bachelor's Degree,Building Engineer,38799
004409ec,Danilo,Polani,male,Pistoia,42,High School,Drama Movie Actor,45393
d8af4d0c,Stella,Fogazzaro,female,Barletta-Andria-Trani,36,High School,Casual Dining Waiter,17232
78a68d4c,Edoardo,Gradenigo,male,Terni,57,High School,Hip-Hop Dancer,26854
2f5b302e,Giada,Zaccagnini,female,Pesaro,19,High School,Comic Book Illustrator,30393
8b1a7f1a,Gioele,Crispi,male,Como,42,High School,Environmental Compliance Inspector,30867
90ed752f,Lolita,Mennea,female,Lucca,27,High School,Regulatory Compliance Inspector,27628
56c2cf16,Clelia,Savorgnan,female,Biella,30,High School,Portrait Photographer,23379
9d2fc669,Franco,Baracca,male,Rieti,83,Master's Degree,Tenured Professor,73306
9e160e0e,Enrico,Olivetti,male,Grosseto,24,High School,Comedy Movie Actor,34971
a3cf5276,Giulia,Iacovelli,female,Latina,39,High School,Grinding Machine Operator,24494
ff473a61,Ludovico,Ossola,male,Medio Campidano,46,Master's Degree,English Teacher,39089
6c99e9ce,Marissa,Tropea,female,Rieti,43,Bachelor's Degree,Commercial Farm Manager,20629
f75d1c24,Mattia,Veltroni,male,Salerno,72,High School,Engine Assembler,20702
4615e53d,Zaira,Santi,female,Cosenza,64,High School,Grinding Machine Operator,24471
f5576f86,Loretta,Necci,female,Pescara,30,Master's Degree,General Practitioner,112458
26dd7497,Girolamo,Gilardoni,male,Ogliastra,52,High School,Comic Book Illustrator,34399
87dcc393,Rosaria,Dallara,female,Fermo,69,High School,Restaurant Pastry Chef,41042
f18f06cd,Giada,Offredi,female,Assisi,54,Bachelor's Degree,Vehicle Design Engineer,43257
3eb546ca,Costantino,Scarfoglio,male,Medio Campidano,27,High School,Regulatory Compliance Inspector,30580
5e13ad65,Lilla,Costanzi,female,Lecce,62,Bachelor's Degree,Rock Mechanics Engineer,37081
f331cb54,Nicola,Procacci,male,Vibo Valentia,54,Bachelor's Degree,Polymer Engineer,52270
b36f0679,Amico,Armellini,male,Como,75,High School,Device Assembler,28692
00cd8c17,Sandro,Ligorio,male,Perugia,58,Bachelor's Degree,Cattle Farmer,22585
42c74079,Rosalia,Coppola,female,Firenze,53,Bachelor's Degree,Soil Conservation Technician,31662
c1f87c26,Erika,Florio,female,Asti,36,Master's Degree,Preschool Teacher,28152
2a628ab6,Aria,Bixio,female,Pordenone,86,Master's Degree,Compounding Pharmacy Technician,30271
70afa533,Antonio,Grifeo,male,Firenze,50,Bachelor's Degree,Rail Engineer,44287
4e747b25,Camillo,Altera,male,Lucca,76,Doctoral Degree,Child Custody Lawyer,51862
0ee68c93,Bettina,Maglio,female,Mantova,83,Master's Degree,Compounding Pharmacy Technician,32809
9dcec7ea,Romana,Palladio,female,Gorizia,54,High School,Grinding Machine Operator,28063
25d9eb53,Luisa,Jilani,female,Forli-Cesena,27,High School,Banquet Waiter,23162
b6055bd4,Hugo,Zoppetto,male,Matera,43,High School,Metal Molding Operator,25914
6d83246c,Veronica,Vergassola,female,Benevento,19,High School,Electronics Inspector,33273
fab44229,Renata,Lussu,female,Frosinone,88,Master's Degree,Geriatric Occupational Therapist,28450
c0e13cf4,Renata,Carnera,female,Saint-Vincent,71,Doctoral Degree,Internist,78730
46202048,Arnulfo,Guglielmi,male,Enna,67,Bachelor's Degree,Continuous Improvement Manager,53387
b554cbfc,Lisa,Cuomo,female,Varese,80,Master's Degree,Family Court Judge,61161
7141c665,Annibale,Bruno,male,Ragusa,58,Bachelor's Degree,Chain Hotel Manager,32325
0bf77b55,Toni,Bassi,male,Latina,83,Doctoral Degree,Corporate Compliance Lawyer,40177
8dece457,Gianpaolo,Calbo,male,Campobasso,77,Doctoral Degree,Math Teacher,34014
bfa5cef0,Eliana,Ruffini,female,Imperia,51,High School,Hotel Pastry Chef,25557
19eccc2a,Morena,Greggio,female,Latina,43,Bachelor's Degree,Highway Engineer,48320
e462f1b9,Romana,Tommaseo,female,Vercelli,39,Bachelor's Degree,Fruit Farmer,20782
177c3645,Adelmo,Cagnin,male,Palermo,54,High School,Engine Assembler,29098
45ace0d3,Antonella,Dallara,female,Udine,42,High School,Brake Press Operator,29692
93984589,Valentina,Fermi,female,Napoli,52,High School,Hydraulic Press Operator,22440
041ed395,Gianpietro,Vezzali,male,Catania,31,High School,Ballet Choreographer,20479
eb7de244,Liana,Sorrentino,female,Melfi,33,High School,Commercial Photographer,26757
9d7ed8d2,Marta,Morosini,female,Verona,42,High School,Watercolor Painter,38864
8e108459,Ferdinando,Marangoni,male,Verbano-Cusio-Ossola,49,High School,Commercial Photographer,39798
ebe994bc,Annetta,Cainero,female,Gallura,67,Master's Degree,CT Scan Technician,29672
2d2865ab,Tiziano,Bramante,male,Avellino,44,High School,Watercolor Painter,29494
7ee831e2,Tina,Fieramosca,female,Bari,63,Doctoral Degree,X-ray Technician,25072
06d35814,Santino,Mezzetta,male,Piacenza,27,High School,Textile Inspector,30623
fafd6629,Gelsomina,Ferrata,female,Padova,55,Doctoral Degree,Probate Magistrate,86731
2cd2557d,Enrico,Monti,male,Teramo,68,Master's Degree,Civil Court Judge,88818
3b9e66c2,Guarino,Babati,male,Vercelli,66,Doctoral Degree,Prosecutor,73519
99b09137,Flavia,Dovara,female,Chieti,83,High School,Environmental Compliance Inspector,34958
74c45e9b,Roberta,Capone,female,Firenze,19,High School,Banquet Waiter,16430
838e9138,Alessia,Turci,female,Verbano-Cusio-Ossola,38,Bachelor's Degree,Construction Project Manager,43048
dde35410,Mirco,Guidone,male,Aosta,33,Bachelor's Degree,Foundation Engineer,44914
8d548ffe,Arturo,Benussi,male,Caltanissetta,54,Bachelor's Degree,Leisure Travel Agent,34559
3f141aa8,Donatello,Saragat,male,Livorno,37,Bachelor's Degree,Foundation Engineer,42117
89124cdf,Fiamma,Antonello,female,Lecce,73,High School,Hip-Hop Dancer,34842
64b0d979,Alphons,Garobbio,male,Campobasso,67,High School,Electrical Systems Assembler,23955
bbaa5ab3,Flavio,Moneta,male,Pesaro,64,Master's Degree,Cardiothoracic Surgeon,115256
0de49502,Ruggero,Villadicani,male,Bolzano,41,High School,Hydraulic Press Operator,30423
ec57c1c9,Vincentio,Randazzo,male,Aosta,22,High School,Film Composer,44438
b0dbab6b,Donatella,Vento,female,Catania,73,High School,Electrical Systems Assembler,26982
6f362ce7,Nina,Gonzaga,female,Agrigento,47,High School,Regulatory Compliance Inspector,32108
06357856,Baldassare,Contrafatto,male,Viterbo,61,High School,Restaurant Pastry Chef,35444
35fe23a0,Eugenia,Stefanelli,female,Savona,80,High School,Musical Theater Actor,25634
713f6f0f,Gino,Iadanza,male,Sondrio,77,Master's Degree,Cardiothoracic Surgeon,83049
e06bdc18,Graziella,Pirelli,female,Parma,88,Doctoral Degree,Grade 2 Teacher,26995
a34ded86,Annunziata,Adinolfi,female,Milano,56,High School,Classical Composer,38734
3ecc9855,Gianna,Federici,female,Reggio-Emilia,62,High School,ADR Voice Actor,20404
8984687e,Antonina,Guicciardini,female,Verona,61,High School,Banquet Waiter,15648
790c9d1f,Alfio,Pareto,male,Gallura,36,Bachelor's Degree,Clothing Store Manager,24044
d09c0f38,Toni,Sandi,male,Sarre,78,High School,Circuit Board Assembler,21097
36c69d61,Ranieri,Pinamonte,male,Lodi,73,Bachelor's Degree,Visual Merchandiser,25821
31768819,Fortunata,Sauro,female,Siena,50,High School,Bakery Pastry Chef,34974
a283c93d,Osvaldo,Trombetta,male,Alessandria,24,High School,Specialty Drink Barista,19081
d3b75ff8,Sabatino,Pavone,male,Rieti,24,High School,Guitarist,20542
4174867e,Anita,Soprano,female,Asti,86,High School,Comic Book Illustrator,23385
1ba86c08,Vincenza,Micca,female,Vibo Valentia,51,High School,Animation Voice Actor,34521
b4f97111,Lucrezia,Ferragamo,female,Belluno,90,High School,Opera Singer,22315
dc7a2351,Gelsomina,Segni,female,Pordenone,51,High School,Hotel Pastry Chef,28826
ad38c25c,Gianni,Rusticucci,male,Massa Carrara,56,Bachelor's Degree,Electric Power Engineer,53423
ee8c30f8,Romana,Tebaldi,female,Saint-Vincent,52,Doctoral Degree,Physical Education Teacher,38596
1c7ea4a5,Sole,Comisso,female,Verona,54,High School,Ballet Dancer,20827
e04a5c64,Eraldo,Casadei,male,Siracusa,63,High School,Rubber Molding Operator,30619
b91fcfdc,Lisa,Fallaci,female,Chieti,22,High School,Bakery Pastry Chef,33955
d19f09f6,Simone,Cassarà,male,Rovigo,60,Doctoral Degree,Prosecutor,60708
b5106fdf,Liliana,Ariosto,female,Pisa,63,High School,Rubber Molding Operator,27911
57adac7f,Liliana,Sauli,female,Taranto,37,Bachelor's Degree,Irrigation Technician,33359
5c3179ea,Mauro,Turati,male,Reggio-Emilia,68,Master's Degree,MRI Technician,34973
504e3e02,Loretta,Chittolini,female,Biella,70,High School,Hotel Pastry Chef,28853
beac2057,Adele,Cimarosa,female,Caserta,26,High School,Landscape Photographer,34209
f6bd102e,Bernardo,Callegaro,male,Siena,69,Master's Degree,Physical Education Teacher,31100
ca02ef5c,Elisa,Toldo,female,Imperia,56,High School,Commercial Photographer,21199
af009e28,Alberto,Gargallo,male,Rovereto,38,Bachelor's Degree,RF Engineer,46554
d730b5cd,Gelsomina,Navarria,female,Gorizia,18,High School,Chassis Assembler,24951
80ba9de3,Antonia,Luria,female,Salerno,53,Bachelor's Degree,Petrochemical Engineer,39329
45463cce,Gionata,Ubaldi,male,Avellino,76,High School,Environmental Compliance Inspector,33782
2d47ea14,Giacobbe,Tommaseo,male,Piacenza,24,High School,Assembly Process Inspector,27908
b7be272f,Umberto,Vespa,male,Arezzo,76,High School,Tea Barista,17918
979ef64b,Gaspare,Perozzo,male,Trento,25,Bachelor's Degree,UI Developer,35009
6fc60d95,Paola,Randazzo,female,Isernia,23,High School,Restaurant Sous Chef,42476
649acfed,Gianni,Mascheroni,male,Melfi,25,Bachelor's Degree,Quality Control Engineer,49024
bc532057,Rosa,Bandello,female,Gubbio,62,High School,Contemporary Choreographer,21938
2a3d44c1,Luigina,Catalano,female,Savona,73,Doctoral Degree,Tenured Professor,48528
53927948,Benvenuto,Travaglio,male,Benevento,74,High School,Musical Theater Choreographer,34909
3d2bdeba,Alberico,Respighi,male,Caltanissetta,87,Doctoral Degree,Family Court Judge,73433
aabfa80e,Annunziata,Dibiasi,female,Saint-Vincent,34,High School,Bar Bartender,20969
fb8751e7,Patrizio,Borsiere,male,Sarre,74,Bachelor's Degree,Process Engineer,42418
aeac634e,Ludovico,Castelli,male,Verbano-Cusio-Ossola,46,High School,Environmental Compliance Inspector,25920
05cd0be5,Mercedes,Magrassi,female,Nuoro,36,Bachelor's Degree,Food Safety Specialist,31539
4c37f54b,Michelangelo,Farinelli,male,Crotone,50,High School,Restaurant Executive Chef,30432
978f273e,Marina,Zito,female,Padova,72,High School,Metal Sculptor,21988
e2219c6b,Lina,Musatti,female,Modena,58,High School,Safety Compliance Inspector,30050
0fbee58c,Olga,Malenchini,female,Messina,72,High School,Action Movie Actor,25771
592abce2,Antonino,Randazzo,male,Gubbio,73,Master's Degree,Biology Teacher,32457
95ee109c,Allegra,Lovato,female,Potenza ,44,Bachelor's Degree,Electronics Wholesale Manager,31952
0ef02064,Cesare,Golgi,male,Macerata,90,Doctoral Degree,Research Laboratory Technician,29656
1f14ce2b,Giada,Armellini,female,Udine,75,High School,Engine Assembler,27347
696c5ca5,Milo,Goldstein,male,Mantova,44,Bachelor's Degree,Ceramic Engineer,54475
6a79409e,Mercedes,Segrè,female,Trapani,48,Master's Degree,State Appellate Judge,60613
862c9b66,Giovanna,Pisaroni,female,Saint-Vincent,37,High School,ADR Voice Actor,42474
57e85fbd,Liana,Giradello,female,Fermo,28,High School,Experimental Theater Actor,26369
a124debb,Aria,Gaito,female,Belluno,43,High School,Contemporary Choreographer,27435
9d4981e3,Donatella,Rosmini,female,Como,76,Bachelor's Degree,B2B Sales Representative,27223
73c18ebe,Adelasia,Zeffirelli,female,Mantova,39,High School,Experimental Theater Actor,32014
3e8b11f1,Atenulf,Bellucci,male,Belluno,33,High School,Pianist,23973
6e2c65e7,Carlo,Basadonna,male,Padova,62,Doctoral Degree,Mergers and Acquisitions Lawyer,68199
be3d8434,Ricciotti,Sismondi,male,Trieste,80,Bachelor's Degree,Clothing Wholesale Manager,22461
f20211e5,Franco,Maglio,male,Latina,31,High School,Engine Assembler,26006
c1788737,Morena,Letta,female,Viterbo,30,High School,Textile Inspector,32652
787dde7b,Gian,Conte,male,Napoli,44,High School,Circuit Board Assembler,22616
ee8274aa,Umberto,Mannoia,male,Vercelli,57,High School,Classical Composer,20614
65a964cc,Bianca,Pratesi,female,Merano,66,Bachelor's Degree,Process Engineer,36604
a5975986,Sole,Grossi,female,Monza,43,High School,Commercial Photographer,28738
bda53f86,Giada,Argentero,female,Melfi,45,Bachelor's Degree,Supply Chain Manager,43005
1d354c71,Goffredo,Mercadante,male,Latina,32,High School,Bar Bartender,24411
27d9aa74,Graziella,Pucci,female,Rovereto,89,Master's Degree,Rehabilitation Speech Therapist,35385
9715a2c0,Lina,Morosini,female,Treviso,78,Master's Degree,Family Magistrate,83519
28e36e23,Nicolò,Brunelleschi,male,Bergamo,46,High School,Electrical Systems Assembler,29677
f6a1e2fb,Irma,Modigliani,female,Monza,68,High School,Event Bartender,18804
8fa3f6e3,Benedetto,Sabatini,male,Brindisi,65,High School,Opera Singer,22804
67563e6d,Lorenzo,Sabatini,male,Genova,62,Doctoral Degree,CT Scan Technician,25684
31a1a950,Tonino,Vecellio,male,Ragusa,57,High School,Pianist,23364
6d9553b2,Camilla,Moresi,female,Catania,61,Doctoral Degree,Criminal Court Judge,61745
24df0d65,Coriolano,Antonacci,male,Trento,78,High School,Musical Theater Actor,45878
57e0bc61,Berenice,Travaglia,female,Vibo Valentia,49,High School,Specialty Drink Barista,16408
6086cc4b,Alessio,Fusani,male,Foggia,76,Master's Degree,Math Teacher,36714
28d5e89d,Cesare,Bertoli,male,Pisa,55,High School,Device Assembler,28679
fd7cade8,Annetta,Piazzi,female,Bologna,56,Doctoral Degree,Orthopedic Physical Therapist,30734
5c4ecbff,Biagio,Fantini,male,Treviso,47,Bachelor's Degree,Logistics Manager,57637
9a497765,Annetta,Venier,female,Bolzano,85,High School,ADR Voice Actor,22157
4685ff5e,Tiziana,Niscoromni,female,Isernia,26,Bachelor's Degree,Clothing Store Manager,25089
470808fd,Marcello,Rismondo,male,Gallura,55,High School,Restaurant Pastry Chef,25868
1a1171a3,Ermes,Vecoli,male,Cuneo,37,Doctoral Degree,Civil Court Judge,66596
e3daba2f,Paride,Cicala,male,Firenze,28,High School,Safety Compliance Inspector,33738
d5b6a6b1,Ugo,Trebbi,male,Massa Carrara,58,High School,Modern Dancer,25248
f2e0f397,Delfino,Serraglio,male,Bergamo,43,Bachelor's Degree,Grain Farmer,21173
188760f2,Ornella,Campise,female,Cuneo,66,Bachelor's Degree,Traffic Engineer,45025
1cceaedc,Dina,Pausini,female,Catanzaro,30,High School,Portrait Photographer,27666
f1ce477e,Lucrezia,Bombieri,female,Reggio-Emilia,67,Bachelor's Degree,Field Sales Representative,24136
9108e965,Ilaria,Bellocchio,female,Fermo,72,Doctoral Degree,Endowed Chair,46610
3a4277e5,Cristina,Pacelli,female,Brindisi,78,High School,Classical Theater Actor,49883
226ae362,Gemma,Calarco,female,Mantova,24,Bachelor's Degree,Production Manager,56286
8570a823,Melina,Battisti,female,Palermo,74,Master's Degree,Family Court Judge,73621
dbadcb2e,Livio,Argento,male,Termoli,25,High School,Fine Dining Waiter,15536
dd28ea6d,Carolina,Dibiasi,female,Melfi,29,Bachelor's Degree,Construction Project Manager,51496
a9e56b0f,Valeria,Ceri,female,Lucca,58,High School,Lathe Operator,29021
def7c9c3,Michelotto,Passalacqua,male,Biella,59,High School,Action Movie Actor,31855
09fc7101,Azeglio,Romano,male,Firenze,26,Bachelor's Degree,Construction Project Manager,54718
0147cbfd,Luca,Zamengo,male,Benevento,64,Doctoral Degree,Biology Teacher,37802
588a6dea,Riccardo,Tasso,male,Varese,66,Doctoral Degree,Kindergarten Teacher,25500
18c1800e,Donna,Pellico,female,Bari,53,Doctoral Degree,Pathology Technician,26796
dd1cdb3e,Gianluca,Scialpi,male,Sondrio,81,High School,Stone Sculptor,27937
3a46c700,Baldassare,Montesano,male,Trento,70,High School,Manufacturing Process Inspector,27062
e96166f4,Ermanno,Naccari,male,Pavia,68,High School,Tea Barista,20510
a4d21d32,Oreste,Tresoldi,male,Rovigo,62,High School,Musical Theater Actor,40492
39f7b486,Zaira,Chigi,female,Alessandria,33,Bachelor's Degree,Corporate Travel Agent,29111
3e9fcba9,Maria,Praga,female,Pisa,23,High School,Hotel Sous Chef,32473
690d2efd,Tina,Beffa,female,Milano,79,High School,Musical Theater Choreographer,25192
d793fba9,Manuel,Modigliani,male,Brescia,70,High School,Hydraulic Press Operator,24415
177e299c,Diana,Viviani,female,Trieste,52,High School,Comedy Movie Actor,38240
98f2c263,Antonino,Viola,male,Arezzo,71,Doctoral Degree,Public Defender,53742
f531d8d8,Rembrandt,Trapanese,male,Vibo Valentia,46,Bachelor's Degree,Water Treatment Engineer,51645
75f702dd,Maura,Chiappetta,female,Imperia,25,Bachelor's Degree,Cattle Farmer,26872
65cf1d71,Ornella,Curatoli,female,Merano,42,Bachelor's Degree,Bridge Engineer,45105
4c68f9b3,Graziella,Oliboni,female,La Spezia,78,Master's Degree,Grade 2 Teacher,34832
b32dbcd3,Ilaria,Fagiani,female,Livorno,78,High School,Punch Press Operator,28316
452ec584,Augusto,Ubaldi,male,Gorizia,77,High School,ADR Voice Actor,40047
073584d9,Martina,Surian,female,Varese,51,High School,Classical Composer,24138
9298cec9,Dina,Cardano,female,Asti,30,High School,Abstract Painter,34209
1c6448a6,Guarino,Bernardini,male,Agrigento,40,High School,Pianist,33104
49dc8105,Michele,Botta,male,Bologna,72,Doctoral Degree,Postdoctoral Researcher,50430
45bda07a,Tonia,Medici,female,Bari,40,High School,Film Composer,33864
95111082,Fortunata,Cesaroni,female,Caserta,77,Master's Degree,Critical Care Nurse,40471
ec779d91,Antonino,Pisacane,male,Pistoia,42,High School,Film Composer,26432
a38710d2,Silvio,Pederiva,male,Trento,77,Master's Degree,Kindergarten Teacher,31670
f08b163f,Eleanora,Garozzo,female,Viterbo,56,High School,Catering Sous Chef,25268
4bccc005,Mattia,Monicelli,male,Lucca,18,High School,Musical Theater Choreographer,20447
2271dced,Paola,Pacillo,female,Livorno,19,High School,Coffee Barista,19272
80262965,Lauretta,Solimena,female,Isernia,58,Bachelor's Degree,Clothing Store Manager,28280
66cd3aa5,Elladio,Strangio,male,Perugia,45,High School,Ballet Choreographer,31780
5ae60ae5,Tatiana,Crespi,female,Torino,43,High School,Chassis Assembler,21370
7f80a70a,Antonio,Gilardoni,male,Lucca,58,Bachelor's Degree,Avionics Engineer,47947
8991cc47,Ronaldo,Munari,male,Massa Carrara,33,High School,Drama Movie Actor,35711
a1aee52b,Aldo,Zacchia,male,Ancona,56,High School,Watercolor Painter,37543
208d054d,Tiziana,Brambilla,female,Imperia,66,Master's Degree,Sports Physical Therapist,31400
9d122f6b,Ubaldo,Morpurgo,male,Siracusa,44,Bachelor's Degree,Avionics Engineer,37208
50e117f9,Stefani,Disdero,female,Pavia,27,High School,Restaurant Sous Chef,38930
ac0b06bc,Melania,Taccola,female,Assisi,56,Bachelor's Degree,Laundry Attendant,37546
b56c212d,Nina,Giannelli,female,Pisa,84,High School,Resort Executive Chef,41854
152b1af2,Adriano,Collodi,male,Brindisi,55,Master's Degree,Cardiothoracic Surgeon,115193
9da36652,Goffredo,Rusticucci,male,Pescara,75,High School,Punch Press Operator,27926
f432a453,Rosina,Basadonna,female,Catania,63,Bachelor's Degree,Night Auditor,39758
80b575e1,Bianca,Mastroianni,female,Como,62,Bachelor's Degree,Product Merchandiser,27361
91f359c9,Maurilio,Bruscantini,male,Ragusa,90,High School,Coffee Barista,19104
fa3d2534,Raffaellino,Innocenti,male,Sulcis Iglesiente,50,High School,Electronic Composer,42305
02b37910,Elvira,Grossi,female,Pordenone,37,High School,Ballet Choreographer,26363
d52762bb,Pasquale,Donati,male,Novara,87,High School,Circuit Board Assembler,28580
78d2b470,Emma,Ferrabosco,female,Ascoli Piceno,52,Master's Degree,Intellectual Property Lawyer,74702
776f8218,Adamo,Scaduto,male,Campobasso,18,High School,Guitarist,22509
9cdd9839,Ottone,Maderna,male,Messina,90,Master's Degree,Adjunct Professor,47694
2172fd4e,Valentina,Fracci,female,Catania,39,High School,Ballet Choreographer,20484
a5a91d18,Ivan,Caracciolo,male,Enna,55,High School,Heavy Equipment Assembler,23246
c961dd86,Isa,Emo,female,Varese,82,High School,Chassis Assembler,27287
3a783979,Liliana,Petrucelli,female,Pistoia,23,Bachelor's Degree,Quality Control Manager,46879
9e29eeb2,Benedetto,Antonello,male,Merano,53,Bachelor's Degree,Embedded Systems Engineer,50890
5c51a2e3,Raffaele,Monteverdi,male,Messina,34,High School,Rubber Molding Operator,29063
13b03853,Ottavio,Conti,male,Campobasso,82,Master's Degree,Endowed Chair,81817
3467354e,Amalia,Pisacane,female,Merano,57,High School,Milling Machine Operator,26112
8b179100,Gianpaolo,Tutino,male,Gorizia,73,Doctoral Degree,Geriatric Occupational Therapist,29558
996d7538,Fulvio,Oliboni,male,Lecco,48,Doctoral Degree,Rehabilitation Occupational Therapist,36425
3381e7d5,Adelasia,Fo,female,Imperia,31,High School,Hotel Sous Chef,30891
3ad34928,Gianfranco,Pietrangeli,male,Catania,43,Bachelor's Degree,Rail Engineer,46736
00d65091,Pina,Pacelli,female,Chatillon,76,High School,Oil Painter,31606
5a09de41,Mariana,Quasimodo,female,Verona,27,High School,Musical Theater Choreographer,31907
611dd83b,Martino,Doglioni,male,Venezia,76,Master's Degree,Pediatrician,82140
1a58e9ff,Lolita,Satriani,female,Venezia,34,Bachelor's Degree,Night Auditor,29622
d5588e30,Cassandra,Bosio,female,Belluno,55,Master's Degree,Cardiothoracic Surgeon,72110
163f61c4,Ernesto,Legnante,male,Sondrio,52,High School,Hotel Executive Chef,25561
cd182066,Ninetta,Cabrini,female,Bologna,82,High School,Safety Compliance Inspector,27438
3368ad0e,Margherita,Camuccini,female,Pisa,33,Doctoral Degree,Family Magistrate,54277
d86fd339,Nedda,Manacorda,female,Messina,53,High School,Rubber Molding Operator,27295
1f1ce1e1,Antonello,Colletti,male,Lucca,68,Doctoral Degree,Physical Education Teacher,28849
e1477d61,Filippa,Sgalambro,female,Ancona,68,High School,Catering Sous Chef,43160
6e99ded8,Milo,Biagiotti,male,Palermo,82,High School,Assembly Process Inspector,28992
39b66343,Giuliano,Morucci,male,Catania,70,Bachelor's Degree,Quality Control Manager,56922
779f2d5d,Pasqual,Zichichi,male,Mantova,43,Bachelor's Degree,Poultry Farmer,29162
2fa1075a,Fiamma,Ciampi,female,Trieste,90,High School,Violinist,42315
b58ee20a,Tiziano,Giulietti,male,Como,68,Doctoral Degree,Sports Physical Therapist,36841
9e50eac7,Enrico,Nicoletti,male,Venezia,47,High School,Modern Dancer,27811
b7a8fb7c,Adelmo,Grimani,male,Chieti,39,Master's Degree,Lecturer,47891
cd2289b6,Berenice,Granatelli,female,Ravenna,85,Bachelor's Degree,Sheep Farmer,22931
3969f632,Sebastiano,Grassi,male,Palermo,81,High School,Bakery Pastry Chef,36349
c2f9e1c2,Alessia,Babati,female,Pavia,65,High School,Catering Sous Chef,33245
dc987321,Niccolò,Germano,male,Lucca,75,Bachelor's Degree,Database Developer,39448
4095b86c,Aria,Staglieno,female,Chatillon,56,Master's Degree,Rehabilitation Speech Therapist,37616
4bf13afa,Daniele,Tozzo,male,Trieste,69,High School,Comic Book Illustrator,29357
dd34f202,Pasquale,Bertolucci,male,Milano,56,Master's Degree,Retail Pharmacy Technician,27936
292cffef,Griselda,Agnesi,female,L'Aquila,51,Master's Degree,Tenured Professor,86054
66484121,Pasqual,Lanfranchi,male,Viterbo,52,High School,Engine Assembler,22578
d9db95b1,Lara,Lombardi,female,Terni,83,High School,Portrait Photographer,38580
65d74dde,Pellegrino,Beccheria,male,Sarre,58,Bachelor's Degree,Process Engineer,37328
24fcc42f,Romina,Brenna,female,Bolzano,65,High School,Textile Inspector,26969
61c02453,Damiano,Bellucci,male,Novara,46,Bachelor's Degree,Clothing Store Manager,29372
066e1de2,Amanda,Barillaro,female,Palermo,36,Bachelor's Degree,Electronics Wholesale Manager,32260
618fe581,Milena,Armani,female,Piacenza,31,High School,Pop Singer,27585
70eabcfb,Tiziano,Caccianemico,male,Forli-Cesena,61,Master's Degree,Adult Speech Therapist,33956
a18b8f72,Serafina,Lopresti,female,Viterbo,18,High School,Contemporary Choreographer,24324
c8751c2a,Gianluca,Bixio,male,Latina,18,High School,Electrical Systems Assembler,22236
137e3b8b,Natalia,Ceravolo,female,Salerno,27,Bachelor's Degree,Receptionist,26297
a40de49a,Tiziana,Visintini,female,Chatillon,81,High School,Hotel Executive Chef,30417
740e8d98,Dina,Comolli,female,Fermo,84,High School,Chassis Assembler,24215
00bd1bc1,Elmo,Dellucci,male,Campobasso,60,Bachelor's Degree,Laundry Attendant,33990
3ab75193,Letizia,Canil,female,Trapani,43,Bachelor's Degree,Embedded Systems Engineer,39794
2941216f,Simonetta,Borsellino,female,Termoli,26,High School,Precision Instrument Assembler,28081
d57f8172,Mirko,Onio,male,La Spezia,81,High School,Banquet Waiter,24954
f9b9ad61,Giada,Tasca,female,Modena,67,Doctoral Degree,Physics Teacher,42720
897e07ca,Mariana,Cignaroli,female,Novara,30,High School,Portrait Photographer,28746
5bcc8bab,Gianni,Durante,male,Gorizia,33,High School,Bar Bartender,21618
725a87b8,Serena,Berrè,female,Salerno,18,High School,Children's Book Illustrator,21294
34a898ef,Rodolfo,Petrucelli,male,Siracusa,62,High School,Manufacturing Process Inspector,25766
4c33286c,Marcella,Pausini,female,Alessandria,32,High School,Cocktail Bartender,15278
e7fb1056,Concetta,Platini,female,Foggia,75,High School,Electronics Inspector,31762
fa9ac239,Loretta,Castelli,female,Bari,37,Bachelor's Degree,Adventure Tour Guide,27258
c2f8e73d,Dina,Buonauro,female,Nuoro,70,High School,Assembly Process Inspector,27215
41a349aa,Marina,Bataglia,female,Vercelli,39,Bachelor's Degree,Organic Farm Manager,27335
2e7b1ff1,Giacinto,Federici,male,Massa Carrara,53,High School,Opera Singer,36823
8fc9fedd,Ida,Emo,female,Pistoia,49,High School,Manufacturing Process Inspector,28565
78ad9390,Ermenegildo,Fermi,male,Merano,60,High School,Casual Dining Waiter,19680
1c45b405,Elena,Vecellio,female,Varese,83,Bachelor's Degree,Water Treatment Engineer,43026
4d38f70c,Roberta,Comolli,female,Bologna,40,Bachelor's Degree,Power System Engineer,54550
e051515a,Ilaria,Mazzi,female,Parma,75,High School,Metal Sculptor,34707
4f77ceb7,Lorenzo,Fallaci,male,Vicenza,81,Bachelor's Degree,Web Developer,39287
a50baf40,Romeo,Galiazzo,male,Sulcis Iglesiente,59,Bachelor's Degree,Cashier,27304
4feebd17,Fausto,Salgari,male,Macerata,69,High School,Drama Movie Actor,33572
728fe092,Berenice,Romiti,female,Milano,79,Master's Degree,Chemistry Teacher,43920
b2c521ee,Guarino,Asmundo,male,Arezzo,54,Bachelor's Degree,Petrochemical Engineer,43104
fe19de09,Augusto,Cesarotti,male,Terni,60,Master's Degree,Physical Education Teacher,31025
04d3c724,Stefania,Murri,female,Pavia,79,Master's Degree,Rehabilitation Speech Therapist,32491
fc00a428,Mirko,Rossetti,male,Pesaro,69,Master's Degree,MRI Technician,29380
320f87a6,Gianfrancesco,Mocenigo,male,Grosseto,40,High School,Fine Dining Waiter,16545
a2f28ccc,Vincenza,Barbarigo,female,Ragusa,21,High School,Jazz Singer,29507
a07abeaf,Tiziano,Barcella,male,Oristano,72,Master's Degree,Department Head,81276
5a8ccf8a,Sergius,Chechi,male,Trapani,36,Bachelor's Degree,UI Developer,31806
9673e511,Gastone,Gozzi,male,Gallura,51,High School,Classical Theater Actor,37360
5b448f24,Dante,Soderini,male,Vibo Valentia,80,Master's Degree,CT Scan Technician,26321
b3ab4034,Pasqual,Bataglia,male,Matera,64,Bachelor's Degree,Dairy Farm Manager,29267
ece5c949,Nina,Giorgetti,female,Brindisi,36,High School,Video Game Voice Actor,36970
f4f5ccd8,Calogero,Capone,male,Varese,31,High School,Environmental Compliance Inspector,25164
1e96bef8,Nina,Dossi,female,Ascoli Piceno,23,High School,Commercial Photographer,23144
b5608850,Claudio,Luciani,male,Pesaro,66,High School,Restaurant Executive Chef,34383
804465ac,Tiziano,Moretti,male,Treviso,88,High School,Film Composer,35197
f24d4613,Massimo,Curatoli,male,Taranto,42,High School,Packaging Process Inspector,30441
bc985acd,Fiorino,Malpighi,male,Bolzano,62,Master's Degree,MRI Technician,34169
3f4b6724,Ruggero,Disdero,male,Prato,56,Doctoral Degree,Adoption Lawyer,54471
fec915cc,Pellegrino,Gradenigo,male,Torino,27,Bachelor's Degree,Pest Control Technician,27534
ae61a6cd,Ippazio,Jilani,male,Pistoia,83,Bachelor's Degree,Air Quality Engineer,45657
595510f5,Paride,Borgia,male,Napoli,79,Master's Degree,Rehabilitation Speech Therapist,28140
a5bb1063,Annetta,Casadei,female,Ogliastra,30,High School,Contemporary Choreographer,25672
98493a7b,Francesco,Tosi,male,Milano,32,High School,Fine Dining Waiter,21338
9bec0a51,Amleto,Rosiello,male,Reggio di Calabria,73,Doctoral Degree,Geriatric Occupational Therapist,34871
6685fbf3,Paola,Coardi,female,Benevento,29,High School,ADR Voice Actor,24078
45561372,Baldassare,Tomasini,male,Siena,22,High School,Restaurant Pastry Chef,26558
473cbf45,Pierpaolo,Cammarata,male,Pesaro,45,Bachelor's Degree,Visual Merchandiser,29607
a6549246,Micheletto,Bacosi,male,Firenze,75,Doctoral Degree,Probate Magistrate,63680
a68370af,Stefani,Trobbiani,female,Lecce,26,High School,Milling Machine Operator,29913
00aaa4d8,Piermaria,Comolli,male,Agrigento,19,High School,Circuit Board Assembler,24538
22641ee5,Rolando,Gibilisco,male,Livorno,36,High School,Device Assembler,22972
68cd8bb9,Antonella,Salvini,female,Agrigento,47,High School,Children's Book Illustrator,36451
746a67f5,Eleanora,Bettoni,female,Parma,73,Bachelor's Degree,Digital Design Engineer,52599
10da8ffd,Flavio,Iannotti,male,Genova,85,High School,Wood Sculptor,29662
5e453c3c,Margherita,Ferragni,female,Lecco,45,Bachelor's Degree,Bridge Engineer,48328
55b75141,Silvestro,Caironi,male,Prato,72,High School,Comedy Movie Actor,21681
21eefa13,Claudio,Modugno,male,Pescara,76,Doctoral Degree,Postdoctoral Researcher,56060
e954be05,Gianni,Mercadante,male,Asti,23,High School,Manufacturing Process Inspector,25084
3d0823ba,Tonia,Venier,female,Arezzo,82,High School,Jazz Singer,38470
f1ba7926,Fiorenzo,Borromini,male,Teramo,90,High School,Restaurant Executive Chef,30821
2c69ec42,Letizia,Berlusconi,female,Trapani,42,High School,Heavy Equipment Assembler,22218
fa853dfb,Paloma,Giannuzzi,female,Verbano-Cusio-Ossola,56,High School,Assembly Process Inspector,31065
401614c6,Benvenuto,Bembo,male,Mantova,50,High School,Punch Press Operator,23370
54dc5deb,Gaspare,Vidoni,male,Medio Campidano,39,High School,Device Assembler,23414
e9c581bc,Lucia,Riccardi,female,Livorno,75,High School,Precision Instrument Assembler,29886
9a960a3e,Lando,Rossetti,male,Rovigo,44,Bachelor's Degree,Rail Engineer,37617
b05f89c8,Vittorio,Ruggeri,male,Grosseto,59,Bachelor's Degree,LAMP Stack Developer,39561
75d57ee0,Amadeo,Calvo,male,Belluno,35,Bachelor's Degree,Supply Chain Manager,57087
270a9fd4,Daniele,Maspero,male,Trento,47,Doctoral Degree,Hospital Pharmacy Technician,27980
d811c5bb,Ornella,Spinola,female,Alessandria,48,Bachelor's Degree,Concierge,34479
4d642b79,Clelia,Soderini,female,Firenze,34,Bachelor's Degree,Production Manager,49333
c6871616,Geronimo,Corcos,male,Prato,21,High School,Heavy Equipment Assembler,27234
14cb3f8f,Ciro,Tedesco,male,Bologna,78,Doctoral Degree,Mergers and Acquisitions Lawyer,62072
3bd833aa,Maria,Argan,female,Chieti,70,High School,Classical Composer,26868
2d9ecb6a,Lorenzo,Zamorani,male,Massa Carrara,53,High School,Contemporary Choreographer,34384
b6abfb45,Gelsomina,Camicione,female,Fermo,64,Master's Degree,Corporate Compliance Lawyer,45618
14a7f2dd,Angelica,Poerio,female,Livorno,31,High School,Bar Bartender,22000
796fb443,Virgilio,Russo,male,Torino,78,Doctoral Degree,Pediatric Speech Therapist,31421
569ea950,Teresa,Persico,female,Palermo,32,Bachelor's Degree,Cashier,29584
3fa27e2f,Liana,Callegaro,female,Genova,39,Bachelor's Degree,B2B Sales Representative,34284
0b12e281,Gian,Callegaro,male,Imperia,28,High School,Casual Dining Waiter,15672
cbe653a0,Mariana,Delle,female,Merano,45,Bachelor's Degree,Cattle Farmer,21570
eb5bc84c,Luciana,Beccaria,female,Merano,59,High School,Comedy Movie Actor,40165
85e135b8,Francesca,Civaschi,female,Melfi,72,Bachelor's Degree,Boutique Hotel Manager,34310
506c8841,Nedda,Disdero,female,Trento,44,Bachelor's Degree,Soil Mechanics Engineer,43066
ec9534e4,Arturo,Jacuzzi,male,Modena,37,High School,Ballet Choreographer,33652
1de5be42,Fabrizia,Pozzecco,female,Lecco,78,Master's Degree,Lecturer,87574
4fadba2a,Valentina,Toso,female,Terni,54,Master's Degree,Adoption Lawyer,42772
8c72dd42,Eraldo,Saraceno,male,Teramo,75,Doctoral Degree,Civil Magistrate,50457
c0702cc1,Maura,Mazzocchi,female,Fermo,37,Master's Degree,Cardiothoracic Surgeon,86541
d7c2000a,Simone,Pavanello,male,Piacenza,27,High School,Classical Composer,31369
468887a0,Luchino,Germano,male,Napoli,69,High School,Watercolor Painter,25489
2181e6a1,Cristina,Ceschi,female,Matera,43,High School,Milling Machine Operator,30849
ffd8484b,Dolores,Guarana,female,Livorno,69,Master's Degree,History Teacher,39529
2056b72b,Gemma,Ruberto,female,Arezzo,25,Bachelor's Degree,IT Project Manager,41007
c042bd4d,Carla,Bevilacqua,female,Assisi,67,Master's Degree,Emergency Nurse,44502
5fa46bf8,Mirko,Antelami,male,Caltanissetta,51,High School,Component Assembler,23042
93954102,Mariano,Pirandello,male,Prato,25,High School,Fine Dining Waiter,17531
a2deeecd,Margherita,Ritacca,female,Parma,35,High School,Watercolor Painter,23974
296a2133,Roberta,Ficino,female,Lecce,44,High School,Restaurant Executive Chef,28757
a2b65191,Angelina,Zola,female,Medio Campidano,54,High School,Mechanical Parts Inspector,28728
18b38bdf,Flavia,Muti,female,Pavia,43,High School,Violinist,34840
cbf7bd65,Lamberto,Farina,male,Saint-Vincent,62,Master's Degree,Physics Teacher,43899
47580839,Gionata,Delle,male,Rovigo,80,High School,Classical Theater Actor,34858
f21c15b9,Leonardo,Dellucci,male,L'Aquila,50,Master's Degree,Family Court Judge,78388
c8b758b7,Tiziano,Mennea,male,Bolzano,65,Doctoral Degree,Geriatric Occupational Therapist,31677
a8a1e5eb,Michelotto,Pacomio,male,Pisa,58,High School,Plastic Molding Operator,26222
cc22ada6,Ruggero,Gatto,male,Messina,22,High School,Hydraulic Press Operator,28421
1703a1d5,Geronimo,Pignatti,male,Savona,57,Bachelor's Degree,Quality Control Manager,47802
6ba18f11,Aldo,Pizziol,male,Pordenone,36,High School,Lathe Operator,22074
4c1cdb51,Pierluigi,Tolentino,male,Macerata,82,High School,Electronic Composer,41551
8a2794f2,Giampiero,Bergoglio,male,Savona,88,High School,Specialty Drink Barista,15968
e09ef1db,Claudia,Modugno,female,Termoli,76,Doctoral Degree,Geriatric Occupational Therapist,33652
1e36a9f0,Gloria,Cadorna,female,Treviso,84,High School,Device Assembler,29223
d7ea9fdb,Graziella,Grassi,female,Ragusa,44,Bachelor's Degree,Fruit Farmer,24629
e5626a76,Eva,Carpaccio,female,Potenza ,37,High School,Precision Instrument Assembler,24037
2e569d4b,Tina,Marini,female,Latina,25,Bachelor's Degree,Shipping Coordinator,33165
203af96f,Maurilio,Giannini,male,Sarre,43,High School,Drama Movie Actor,27400
316006df,Gino,Bernini,male,Palermo,74,Master's Degree,Geography Teacher,36092
28cf7ef7,Evangelista,Bixio,female,Palermo,18,High School,Device Assembler,29961
bdd70dde,Stefania,Bragadin,female,Viterbo,60,Master's Degree,Hospital Pharmacy Technician,29600
73fa9401,Gelsomina,Paolini,female,Barletta-Andria-Trani,34,Bachelor's Degree,Shipping Coordinator,29048
d554e6f7,Agostino,Matteotti,male,Massa Carrara,32,High School,Chassis Assembler,25596
d55fb3a9,Veronica,Ferrari,female,Ogliastra,78,Doctoral Degree,Public Defender,69728
6034d498,Nanni,Ruffini,male,Napoli,44,High School,Hip-Hop Dancer,34760
3205988c,Nicola,Dibiasi,male,Merano,23,High School,Tea Barista,20037
e5993073,Elena,Avogadro,female,Potenza ,28,Bachelor's Degree,Continuous Improvement Manager,43869
ee20a00e,Augusto,Trentin,male,Reggio-Emilia,88,Doctoral Degree,Research Scientist,49626
d60c0f6d,Gioele,Giannotti,male,Gubbio,65,High School,Safety Compliance Inspector,29345
d80b2306,Vincenzo,Riccati,male,Asti,65,Master's Degree,Lecturer,52371
9ffa08d6,Arnaldo,Sraffa,male,Alessandria,49,High School,Portrait Photographer,30547
c13b1ef0,Barbara,Ferragamo,female,Reggio di Calabria,79,High School,Musical Theater Actor,46060
091bddf0,Licia,Liverotti,female,Ravenna,72,High School,Assembly Process Inspector,27822
11f63ab5,Serafina,Bresciani,female,Macerata,29,High School,Grinding Machine Operator,31174
8aa59431,Bruno,Brunello,male,Bergamo,35,Master's Degree,Immigration Judge,67826
3806ae43,Alberico,Albertini,male,Cuneo,38,Bachelor's Degree,Cattle Farmer,27092
b1f1b951,Zaira,Giannini,female,Aosta,71,High School,Casual Dining Waiter,15197
e799f8ad,Lauretta,Toscani,female,Rovereto,39,Bachelor's Degree,Leisure Travel Agent,26753
e036b4cc,Paulina,Finotto,female,Frosinone,71,High School,Packaging Process Inspector,34406
030b460d,Pierluigi,Battelli,male,Salerno,72,Master's Degree,Prosecutor,46115
70c59bb0,Fiorenzo,Spallanzani,male,Rovereto,27,Doctoral Degree,Math Teacher,28823
0d510bee,Raffaella,Bocelli,female,Saint-Vincent,69,High School,Guitarist,27143
ea3d257a,Veronica,Riccardi,female,Termoli,86,High School,Animation Voice Actor,23764
82aa8cf8,Gianni,Zola,male,Pisa,35,High School,Video Game Voice Actor,40316
e74d69b5,Renata,Maggioli,female,Frosinone,43,High School,Jazz Singer,32900
641a4b8b,Roman,Fagiani,male,Lecce,75,Doctoral Degree,Preschool Teacher,29848
e7e6e6b2,Livio,Magrassi,male,Perugia,78,Doctoral Degree,Criminal Magistrate,76132
44911509,Tullio,Aporti,male,Benevento,52,Doctoral Degree,Economics Teacher,36741
a987b731,Michelotto,Zaguri,male,Catanzaro,86,High School,Guitarist,30156
e44557fc,Elisa,Jovinelli,female,Sulcis Iglesiente,37,Bachelor's Degree,Building Engineer,47148
6ff086f7,Alfredo,Babati,male,Pescara,70,High School,Packaging Process Inspector,32945
9448a694,Alina,Serraglio,female,Siracusa,65,Master's Degree,Physics Teacher,40096
641c2222,Diana,Duodo,female,Como,52,Master's Degree,Adoption Lawyer,41222
7a6f1f38,Paride,Vittadello,male,Rovigo,40,High School,Plastic Molding Operator,27406
8ae909b5,Beatrice,Villadicani,female,Avellino,40,High School,Mechanical Parts Inspector,29548
93a3ca08,Ermanno,Piovani,male,Siracusa,79,High School,Action Movie Actor,21891
592c27a0,Enzio,Vendetti,male,Trieste,69,Doctoral Degree,Criminal Magistrate,65119
9c49d3e2,Romana,Scalera,female,Avellino,69,High School,Hotel Executive Chef,42869
8c191ceb,Simone,Mengolo,male,Frosinone,64,Bachelor's Degree,Avionics Engineer,39592
c964b186,Napoleone,Duse,male,Siracusa,58,High School,Chassis Assembler,27375
a8072341,Carla,Inzaghi,female,Lodi,77,Doctoral Degree,Critical Care Nurse,44533
713c1dc8,Elmo,Tarantini,male,Nuoro,70,High School,Hydraulic Press Operator,29923
2aecbf4d,Giancarlo,Vitturi,male,Caltanissetta,61,Doctoral Degree,Family Magistrate,62795
0043a8eb,Carolina,Pometta,female,Avellino,55,Doctoral Degree,CT Scan Technician,30426
e49c2433,Concetta,Tonisto,female,Prato,48,Bachelor's Degree,Electric Power Engineer,41839
a4a9a297,Susanna,Vittadello,female,Vicenza,47,High School,Brake Press Operator,31437
8aadfab4,Maria,Guarato,female,Pavia,83,Doctoral Degree,Grade 1 Teacher,32865
4c121be5,Antonello,Nugnes,male,Termoli,47,Master's Degree,Prosecutor,67461
86907f0f,Vincenza,Ferragni,female,Prato,90,High School,Electrical Systems Assembler,22557
f33627db,Melissa,Petrocelli,female,Arezzo,75,Doctoral Degree,Science Teacher,31686
7087098f,Gianna,Villadicani,female,Oristano,62,Doctoral Degree,Criminal Magistrate,82121
b8761ce2,Priscilla,Mantegna,female,Saint-Vincent,30,High School,Electronic Composer,33615
c63f369f,Chiara,Gianinazzi,female,Sondrio,56,High School,Restaurant Sous Chef,34269
27b59502,Luciana,Grossi,female,Lecco,85,Doctoral Degree,Physics Teacher,33873
7236c719,Gastone,Mantegazza,male,L'Aquila,56,Bachelor's Degree,Building Engineer,47101
c50b0858,Stefani,Morricone,female,Pisa,77,Master's Degree,Research Associate,60080
badfcfa7,Arturo,Parri,male,Pordenone,36,High School,Bar Bartender,17512
7725c0ad,Luca,Zamengo,male,Caserta,72,Bachelor's Degree,Soil Mechanics Engineer,37217
7d314e8c,Fernanda,Pascarella,female,Chatillon,35,High School,Watercolor Painter,33296
af4cb23a,Clelia,Vigorelli,female,Saint-Vincent,85,High School,Cocktail Bartender,21277
589a60a3,Gemma,Zecchini,female,Ragusa,27,Bachelor's Degree,Soil Scientist,35151
056f8872,Annunziata,Frescobaldi,female,Ascoli Piceno,66,High School,Electronics Inspector,32630
78f46e94,Alderano,Interminei,male,Modena,66,Bachelor's Degree,Construction Project Manager,45348
83ec5537,Daria,Praga,female,Ascoli Piceno,74,Master's Degree,History Teacher,38446
718603d0,Tullio,Norbiato,male,Perugia,33,High School,Electronics Inspector,34348
5953bad6,Atenulf,Morosini,male,Viterbo,53,Doctoral Degree,Mergers and Acquisitions Lawyer,71229
88cced2b,Elisa,Mercadante,female,Agrigento,85,Bachelor's Degree,Process Engineer,40496
6c11ac6b,Lolita,Storladi,female,Crotone,50,High School,Digital Illustrator,30395
8cda711d,Vittorio,Brunelleschi,male,Savona,26,Bachelor's Degree,Corporate Travel Agent,33672
58b18413,Marisa,Ferrari,female,Novara,84,Master's Degree,Prosecutor,73175
7ea852f8,Santino,Corcos,male,Viterbo,41,High School,Restaurant Pastry Chef,27957
17f5838e,Morena,Catenazzi,female,Vibo Valentia,59,Doctoral Degree,Physical Education Teacher,33090
0abe955c,Dante,Notarbartolo,male,Varese,33,High School,Restaurant Executive Chef,27180
05cafc4b,Tonia,Favata,female,Brescia,49,Master's Degree,Labor and Delivery Nurse,41865
242b99c9,Annibale,Camuccini,male,Caltanissetta,64,Bachelor's Degree,MERN Stack Developer,41086
a671f2aa,Fiamma,Rismondo,female,Rovereto,32,High School,Watercolor Painter,29788
fddf6a4d,Nina,Foletti,female,Viterbo,69,Doctoral Degree,Labor and Delivery Nurse,31981
dd59e6ce,Irma,Toselli,female,Catanzaro,73,High School,Circuit Board Assembler,24069
2a1b5077,Durante,Giacometti,male,Trieste,35,High School,Classical Theater Actor,20977
1d36f91f,Gabriella,Gremese,female,Reggio di Calabria,41,High School,Comedy Movie Actor,39945
8fd4b3d6,Virginia,Malacarne,female,Imperia,74,High School,Drama Movie Actor,35379
9bbc5536,Emilio,Letta,male,Brindisi,74,High School,Commercial Photographer,37596
10b55899,Paoletta,Tarchetti,female,Rovigo,64,High School,Video Game Voice Actor,25927
d1253c33,Vincenzo,Amaldi,male,Medio Campidano,90,Bachelor's Degree,Logistics Manager,45602
0b7b0b7a,Fabia,Campanella,female,Salerno,51,Bachelor's Degree,Electronics Wholesale Manager,24195
298e69f8,Amleto,Gasperi,male,Rovigo,37,High School,Device Assembler,27724
18de4b2d,Federica,Leblanc,female,Padova,68,Bachelor's Degree,Clothing Wholesale Manager,31775
06adb347,Annibale,Brambilla,male,Merano,44,High School,Commercial Photographer,36037
efa581fe,Dante,Medici,male,Arezzo,50,Doctoral Degree,Defense Lawyer,61874
d730e15f,Ippazio,Valentino,male,Catania,58,Bachelor's Degree,Inside Sales Representative,31791
1849d82e,Rosaria,Fogazzaro,female,Siracusa,31,High School,Circuit Board Assembler,27724
e709441d,Loredana,Lupo,female,Reggio-Emilia,86,Doctoral Degree,Labor and Delivery Nurse,38555
a2063be7,Piergiuseppe,Palmisano,male,Siracusa,58,Bachelor's Degree,Organic Farm Manager,26237
3bec3d69,Arnulfo,Pontecorvo,male,Reggio-Emilia,19,High School,Guitarist,33546
e5ca090c,Sole,Murri,female,Prato,55,Bachelor's Degree,Product Development Scientist,37515
3c65e3df,Annamaria,Procacci,female,Rovereto,63,Doctoral Degree,Research Associate,82245
576ded5a,Romolo,Respighi,male,Forli-Cesena,66,High School,Electronic Composer,29303
9bc0e3c5,Ernesto,Ritacca,male,Reggio di Calabria,73,High School,Fine Dining Waiter,20657
003c8919,Bernardo,Draghi,male,Trieste,27,High School,Safety Compliance Inspector,34237
c5c96417,Patrizia,Pavone,female,Arezzo,44,High School,Banquet Waiter,16135
f2492fed,Torquato,Morandini,male,Bergamo,78,High School,Abstract Painter,24396
736fa352,Ida,Borsellino,female,Verona,54,Master's Degree,Lecturer,83873
ed7a9f1e,Raffaello,Biagiotti,male,Piacenza,37,High School,Opera Singer,39641
b9b1a28f,Alessio,Scalfaro,male,Oristano,37,Bachelor's Degree,Electronics Wholesale Manager,22147
9fd589d6,Pina,Conte,female,Brescia,85,Master's Degree,Physical Education Teacher,34668
0c9b6f7d,Rosina,Semitecolo,female,Bolzano,74,Bachelor's Degree,Propulsion Engineer,35927
29572aa2,Raffaello,Casadei,male,Catania,41,High School,Comic Book Illustrator,34472
3dff075e,Geronimo,Gargallo,male,Agrigento,18,High School,Precision Instrument Assembler,28662
ab6ef76a,Domenico,Scialpi,male,Messina,41,High School,Bakery Pastry Chef,43594
97fc8816,Maura,Tacchini,female,Gubbio,68,High School,Classical Theater Actor,31246
41988fae,Gianfranco,Scaramucci,male,Monza,65,Doctoral Degree,Mergers and Acquisitions Lawyer,45523
63749137,Martino,Trebbi,male,Pordenone,28,Bachelor's Degree,Fruit Farmer,28727
2ace63dc,Tonia,Sermonti,female,Lucca,31,High School,Packaging Process Inspector,32397
ba947adc,Sonia,Panicucci,female,Novara,78,Doctoral Degree,Geriatric Occupational Therapist,35154
e554cdd1,Priscilla,Cundari,female,Venezia,78,High School,Restaurant Executive Chef,42931
de1ae430,Nicoletta,Zacchia,female,Viterbo,75,Master's Degree,Labor Judge,64227
40155e6a,Luciano,Folliero,male,Milano,28,High School,Environmental Compliance Inspector,32319
8371a4de,Ottone,Chindamo,male,Biella,55,High School,Lathe Operator,31309
74c8fde4,Giuseppina,Cherubini,female,Livorno,31,Bachelor's Degree,Production Manager,58352
09776e4a,Stella,Inzaghi,female,Salerno,76,Bachelor's Degree,Boutique Hotel Manager,35348
02964a1d,Paloma,Veltroni,female,Bologna,71,Doctoral Degree,Family Court Judge,93261
70e6a5e1,Priscilla,Tasca,female,Livorno,53,High School,Ballet Choreographer,24682
f4533567,Gastone,Speri,male,Merano,28,High School,Packaging Process Inspector,30681
2bc88b1b,Barbara,Cappelli,female,Trento,83,Master's Degree,Public Defender,76920
dfa48e9c,Giovanna,Scaduto,female,Assisi,71,High School,Pianist,35228
5e677ce1,Cassandra,Doria,female,Arezzo,52,High School,Portrait Photographer,32599
6c7b4f62,Nicola,Majorana,male,Prato,66,Bachelor's Degree,Plant Breeder,26051
6e9cf6ef,Renzo,Sinisi,male,Verona,55,Doctoral Degree,Research Scientist,70175
8b54b3c1,Temistocle,Benigni,male,Benevento,32,Bachelor's Degree,City Tour Guide,29189
362b9dfd,Gabriella,Ungaretti,female,Salerno,30,Bachelor's Degree,Poultry Farmer,25284
260ae456,Baccio,Molesini,male,Nuoro,55,High School,Event Bartender,17044
d5818c68,Aurora,Luxardo,female,Savona,23,High School,Metal Sculptor,23659
14891d02,Fortunata,Marrone,female,Novara,38,Bachelor's Degree,City Tour Guide,31177
a32ba526,Liana,Mascagni,female,Pavia,38,Bachelor's Degree,UX Designer,34890
5df3e75a,Manuel,Niscoromni,male,Cuneo,72,Bachelor's Degree,Crop Consultant,32549
10499b16,Victoria,Santorio,female,Ogliastra,42,High School,Specialty Drink Barista,15869
b991e293,Nico,Verri,male,Sarre,35,High School,Oil Painter,34680
531bfe0f,Giampaolo,Ferrazzi,male,Novara,60,High School,Catering Sous Chef,41400
c086dbf0,Graziano,Fogazzaro,male,Torino,36,Bachelor's Degree,Web Developer,39897
d5aef4cb,Elmo,Puglisi,male,Como,60,High School,Punch Press Operator,22299
349c55bb,Massimiliano,Curiel,male,La Spezia,54,Doctoral Degree,Criminal Magistrate,59054
be10137c,Alfio,Mortati,male,Frosinone,73,Doctoral Degree,Retail Pharmacy Technician,25737
78db85a4,Gilberto,Montessori,male,Messina,44,High School,Manufacturing Process Inspector,34956
730e4fbc,Donna,Celentano,female,Lucca,39,High School,Abstract Painter,21464
9c07189c,Chiara,Bonanno,female,Cremona,71,High School,Comic Book Illustrator,24842
6ede8960,Viridiana,Crespi,female,Taranto,20,High School,Punch Press Operator,25844
bca53346,Pier,Cortese,male,Ancona,77,High School,Comic Book Illustrator,20114
e3643517,Melina,Segni,female,Forli-Cesena,69,Doctoral Degree,Grade 1 Teacher,30218
c3e72a47,Lisa,Nosiglia,female,Ferrara,39,High School,Commercial Photographer,34182
85b8a1e8,Ronaldo,Pratesi,male,Matera,66,Doctoral Degree,Computer Science Teacher,36408
77d0352f,Letizia,Interminelli,female,Rovereto,31,High School,Musical Theater Actor,37283
a22e380d,Fernanda,Rismondo,female,Treviso,32,High School,Hip-Hop Dancer,28056
3811bcf4,Guido,Veltroni,male,Livorno,47,Doctoral Degree,Physical Education Teacher,30920
f8d7e0c0,Amleto,Pizzo,male,Avellino,55,High School,Wood Sculptor,35433
1b277a0b,Ricciotti,Cutuli,male,L'Aquila,61,High School,Brake Press Operator,30306
aa74fe7a,Cesare,Verdi,male,Modena,43,High School,Industrial Machine Assembler,21213
17f16d7b,Nina,Pizzetti,female,Bologna,46,High School,Restaurant Sous Chef,29420
f6a6c4dd,Sonia,Verdone,female,Terni,69,Bachelor's Degree,Rock Mechanics Engineer,38554
65597f12,Eva,Tutino,female,Modena,78,Bachelor's Degree,Grocery Store Manager,22790
a6007cc2,Giulietta,Castelli,female,Barletta-Andria-Trani,32,High School,Video Game Voice Actor,38775
c088f6c4,Enrico,Federico,male,Avellino,18,High School,Restaurant Pastry Chef,40859
b8e4cd77,Tatiana,Toselli,female,Asti,82,High School,Restaurant Pastry Chef,26632
7c2c958c,Fabio,Cicilia,male,Savona,33,High School,Regulatory Compliance Inspector,29106
606a60b8,Lilla,Miniati,female,Forli-Cesena,64,Bachelor's Degree,Soil Mechanics Engineer,42706
55012df3,Gianna,Prada,female,Como,89,Master's Degree,Surgeon,89545
ff747d18,Rita,Federici,female,Genova,73,Bachelor's Degree,Ceramic Engineer,41469
630c400e,Filippa,Prada,female,Firenze,68,High School,Packaging Process Inspector,27486
302b4965,Alina,Pucci,female,Bressanone,26,Master's Degree,Pediatric Speech Therapist,35638
a05b9dd8,Ornella,Maggioli,female,Terni,51,High School,Banquet Waiter,23755
1f56e048,Franco,Saffi,male,Siracusa,54,Bachelor's Degree,Plant Breeder,28563
0d6e6e39,Evangelista,Geraci,female,Viterbo,20,High School,Cocktail Bartender,22114
69c905bf,Sabatino,Tamburello,male,Sondrio,87,High School,Fine Dining Waiter,23228
5ee66d39,Nina,Stucchi,female,Ragusa,41,High School,Punch Press Operator,22630
6c0624b2,Agnolo,Tirabassi,male,Ancona,47,Doctoral Degree,Science Teacher,34629
2d7f2b14,Ennio,Leonetti,male,Reggio di Calabria,87,Doctoral Degree,Computer Science Teacher,35960
59a03a13,Milena,Pedroni,female,Melfi,53,High School,Animation Voice Actor,28217
33f9709d,Eugenia,Canetta,female,Sulcis Iglesiente,47,High School,Opera Singer,37773
b767db2f,Liliana,Abate,female,Matera,51,High School,ADR Voice Actor,44761
cce96fe8,Elladio,Ferraris,male,Rovereto,23,High School,Children's Book Illustrator,32833
f9fe6a9c,Lara,Tamburini,female,Lecce,32,High School,Hip-Hop Dancer,20971
32aac127,Gelsomina,Campise,female,Taranto,69,High School,Safety Compliance Inspector,27783
200d5cdd,Oreste,Vittadello,male,Treviso,72,Master's Degree,Adjunct Professor,88018
2e2c3524,Beatrice,Zecchini,female,Trieste,23,High School,Oil Painter,27308
f018cdad,Claudia,Toldo,female,Campobasso,20,High School,Portrait Photographer,35831
468d2b72,Alessandro,Leonetti,male,Genova,57,Bachelor's Degree,Embedded Systems Engineer,41822
60f107c3,Amico,Verri,male,Varese,62,Doctoral Degree,Grade 2 Teacher,26925
a853cd8f,Donatella,Doria,female,Prato,50,High School,Device Assembler,25132
9d70072c,Lolita,Bartoli,female,Verbano-Cusio-Ossola,50,Master's Degree,Pediatric Physical Therapist,33747
ade3b4d3,Giulia,Crisafulli,female,Grosseto,42,High School,Environmental Compliance Inspector,25784
a94df28b,Nedda,Rosiello,female,Vicenza,67,Master's Degree,Economics Teacher,30816
58b03b03,Lisa,Udinese,female,Caltanissetta,19,High School,Hotel Executive Chef,43745
0610a519,Ninetta,Tommaseo,female,Terni,90,High School,Safety Compliance Inspector,26543
03950bb2,Martina,Fuseli,female,Pistoia,52,Bachelor's Degree,Poultry Farmer,21205
909fb10c,Pellegrino,Carli,male,Cuneo,42,High School,Cocktail Bartender,21294
d3c84a37,Massimiliano,Mercadante,male,Grosseto,51,Bachelor's Degree,Boutique Hotel Manager,31138
a657bf71,Alphons,Borromeo,male,Cuneo,58,High School,Coffee Barista,19797
6e28e3c5,Serena,Trincavelli,female,Foggia,20,High School,Safety Compliance Inspector,28087
edc4b4d6,Stefani,Zito,female,Pisa,34,High School,Grinding Machine Operator,22887
0e9eac04,Paloma,Montalti,female,Padova,48,Doctoral Degree,Environmental Judge,91941
84e86ecc,Graziella,Cugia,female,Treviso,75,Master's Degree,Public Defender,61567
8a01a4aa,Ermes,Pacelli,male,Trento,30,High School,Classical Composer,24525
6beba153,Ennio,Rastelli,male,Termoli,56,High School,Contemporary Choreographer,22605
8ded5f11,Ornella,Giannotti,female,Modena,30,High School,Metal Sculptor,30779
aa17de9d,Santino,Marini,male,Pavia,71,Doctoral Degree,Preschool Teacher,33361
39048cba,Ilaria,Casaleggio,female,Napoli,35,High School,Milling Machine Operator,29863
7165cc21,Filippa,Malipiero,female,Mantova,76,High School,Hydraulic Press Operator,26878
6ad52b08,Chiara,Tolentino,female,Chatillon,51,Doctoral Degree,Endowed Chair,78445
064dc291,Silvio,Camiscione,male,Taranto,67,Master's Degree,Rehabilitation Occupational Therapist,30132
76615eed,Annamaria,Pedersoli,female,Venezia,69,High School,Drama Movie Actor,28334
26accbfe,Lara,Tron,female,Urbino,78,High School,Restaurant Sous Chef,36024
d6ba169b,Carlo,Viola,male,Gallura,58,Bachelor's Degree,Crop Consultant,37681
a911459f,Ranieri,Vergerio,male,Bergamo,25,High School,Coffee Barista,18459
0b8ad834,Camilla,Alfieri,female,Rieti,50,High School,Assembly Process Inspector,25021
49a9574a,Isa,Gualtieri,female,Bari,56,High School,Event Bartender,22356
ef7cf60e,Irma,Abbagnale,female,L'Aquila,77,High School,Hotel Pastry Chef,35932
474bd8d6,Zaira,Farnese,female,Caltanissetta,31,High School,Metal Molding Operator,31545
f4f9f65e,Ramona,Barberini,female,Barletta-Andria-Trani,67,High School,Precision Instrument Assembler,27872
b4f00e1c,Dionigi,Tognazzi,male,Nuoro,44,Master's Degree,X-ray Technician,25171
7916a104,Pompeo,Sauli,male,Siena,69,High School,Musical Theater Choreographer,28582
85aa86ea,Guido,Coppola,male,Belluno,48,Bachelor's Degree,Cultural Tour Guide,26058
c88b6881,Ennio,Ariosto,male,Siena,61,High School,Grinding Machine Operator,30125
bbd2b7ec,Fulvio,Cundari,male,Livorno,34,High School,Punch Press Operator,26678
3bc4721d,Antonio,Montalti,male,Arezzo,39,High School,Mechanical Parts Inspector,29676
72cbd712,Viridiana,Altera,female,Trapani,44,High School,Comedy Movie Actor,40253
189966d6,Marta,Duse,female,Viterbo,59,Doctoral Degree,Immigration Judge,79297
bab59ac6,Annamaria,Romiti,female,Milano,67,High School,Ballet Choreographer,29808
637c5701,Sandra,Eco,female,Livorno,75,High School,Grinding Machine Operator,22281
c8751118,Pomponio,Antonelli,male,Ascoli Piceno,68,Doctoral Degree,Prosecutor,68976
655b9e41,Margherita,Mocenigo,female,Treviso,50,High School,Precision Instrument Assembler,29820
7b332f07,Oreste,Moresi,male,Benevento,90,Master's Degree,Immigration Judge,97609
2ea6e2ac,Valentina,Pavone,female,Bologna,70,Doctoral Degree,Pediatrician,68207
9a4dfce4,Lucrezia,Tornatore,female,Imperia,65,Doctoral Degree,Chemistry Teacher,33188
49549df8,Ninetta,Trombetta,female,Piacenza,67,Master's Degree,Compounding Pharmacy Technician,28651
eae22c64,Alessio,Pacillo,male,Crotone,69,High School,Hotel Sous Chef,29561
10d6906c,Mariana,Ludovisi,female,Rovereto,63,Doctoral Degree,Divorce Lawyer,64470
ff6c781e,Nicola,Tuzzolino,male,Forli-Cesena,52,High School,ADR Voice Actor,47206
832abdbe,Fabia,Pavone,female,Imperia,19,Bachelor's Degree,Display Coordinator,26705
1cb7590b,Mariana,Sorrentino,female,Prato,38,Bachelor's Degree,Rock Mechanics Engineer,42852
e3aa1421,Pasquale,Berlusconi,male,Siracusa,55,High School,Component Assembler,21265
6d8eaf48,Caterina,Porcellato,female,Potenza ,49,Bachelor's Degree,Cruise Travel Agent,24497
dda8442c,Virginia,Surian,female,Brescia,44,Bachelor's Degree,Grain Farmer,26012
11ee9f5e,Marissa,Pedroni,female,Bologna,75,High School,Classical Theater Actor,21260
eb18450b,Paulina,Caffarelli,female,Foggia,59,Doctoral Degree,Department Head,64844
ba8a3f8a,Maria,Petrassi,female,Verona,37,High School,Milling Machine Operator,31016
60e613e5,Paoletta,Tutino,female,Terni,62,High School,Mechanical Parts Inspector,25369
270337ce,Leonardo,Ruberto,male,Rovigo,86,Bachelor's Degree,UI Developer,34898
8c590386,Luca,Mazzini,male,Isernia,70,Bachelor's Degree,Resort Manager,32617
9a669b20,Stefania,Marangoni,female,Bari,45,Doctoral Degree,Child Custody Lawyer,67715
899e4620,Loretta,Tarantino,female,Bari,74,High School,Commercial Photographer,32960
6fad23a8,Giancarlo,Vanvitelli,male,L'Aquila,77,High School,Violinist,35356
bb7f4784,Ruggero,Gagliano,male,Enna,20,Bachelor's Degree,Visual Merchandiser,25025
d3d2215c,Maurizio,Natta,male,Taranto,89,High School,Electrical Systems Assembler,27490
ca3e3020,Ranieri,Parmitano,male,Alessandria,90,Bachelor's Degree,Propulsion Engineer,40378
e634552e,Giulio,Micca,male,Forli-Cesena,38,High School,Pop Singer,32925
a85f49a3,Rosario,Marcacci,male,Verona,82,High School,Digital Illustrator,24486
895b94fe,Mercedes,Marangoni,female,Chatillon,52,High School,Contemporary Choreographer,26541
d3c9428a,Cristina,Greco,female,Latina,41,Bachelor's Degree,UX Designer,40082
2fdf059e,Arnaldo,Bragadin,male,L'Aquila,46,High School,Precision Instrument Assembler,24555
13151155,Simonetta,Callegaro,female,Lecce,30,High School,Ballet Dancer,26391
9c8d08c7,Gianfrancesco,Baracca,male,Trento,79,Master's Degree,Pediatric Physical Therapist,35627
eccd4545,Michela,Morabito,female,Belluno,78,Bachelor's Degree,Embedded Systems Engineer,49098
66710a04,Fabrizia,Norbiato,female,Bressanone,46,Bachelor's Degree,Pharmaceutical Engineer,48132
c468fddb,Romolo,Toscanini,male,Venezia,81,Master's Degree,Art Teacher,33204
e970a21f,Amalia,Trentin,female,Udine,51,High School,Guitarist,36534
b4bdee44,Bianca,Abba,female,Brescia,60,High School,Video Game Voice Actor,43459
ed319288,Bettina,Lettiere,female,Barletta-Andria-Trani,59,High School,Assembly Process Inspector,33648
ee9cd0ba,Nicola,Finzi,male,Trieste,89,Doctoral Degree,Divorce Lawyer,53456
e9cfc925,Priscilla,Montanelli,female,Frosinone,54,High School,Restaurant Pastry Chef,43673
010f816c,Barbara,Zoppetti,female,Reggio di Calabria,38,High School,Pianist,28164
509e1dae,Silvia,Cimini,female,Foggia,73,High School,Modern Dancer,27176
b53ca889,Gianna,Ricolfi,female,Como,37,High School,Ballet Dancer,25124
6f8ab265,Rodolfo,Fieramosca,male,Medio Campidano,54,High School,Restaurant Sous Chef,32216
b280f155,Costanzo,Giulietti,male,Parma,76,High School,Modern Dancer,25689
b7394702,Niccolò,Montanariello,male,Catanzaro,83,Master's Degree,Public Defender,44853
092249e9,Bianca,Zecchini,female,Piacenza,48,High School,Violinist,31232
b95da22e,Fortunata,Mazzi,female,Bergamo,88,High School,Electronics Inspector,28794
e7c71906,Lucrezia,Pucci,female,Udine,39,Bachelor's Degree,UI Developer,33877
f0b44449,Giampiero,Morosini,male,Enna,21,High School,Electrical Systems Assembler,28541
58167b0e,Martina,Loredan,female,Macerata,63,High School,Violinist,22508
1c45e0b4,Ninetta,Redi,female,Grosseto,83,High School,Bakery Pastry Chef,33888
10553e35,Lucia,Bruscantini,female,Firenze,52,High School,Environmental Compliance Inspector,25864
47493760,Serafina,Campano,female,Foggia,90,Doctoral Degree,Chemistry Teacher,39887
bb0f3fa6,Agnolo,Tomasini,male,Rieti,21,High School,Hotel Sous Chef,41276
2891b87b,Simonetta,Carfagna,female,Pavia,18,High School,Classical Theater Actor,32946
bfc47865,Valeria,Trapanese,female,Prato,67,High School,Film Composer,34560
4f811864,Antonietta,Santoro,female,Latina,24,High School,Modern Dancer,26932
a1ba6d52,Virginia,Guidone,female,Viterbo,42,Bachelor's Degree,Server-side Developer,54865
720c52da,Cassandra,Cattaneo,female,Saint-Vincent,87,High School,Hydraulic Press Operator,25867
6c37c1e2,Fabrizio,Giammusso,male,La Spezia,36,Master's Degree,Prosecutor,67459
51f69944,Giulietta,Rizzoli,female,Trieste,53,Bachelor's Degree,Organic Farm Manager,29246
a0b0feba,Gionata,Acerbi,male,Massa Carrara,40,High School,Abstract Painter,29590
e57a8130,Enzo,Malaparte,male,Pescara,75,Doctoral Degree,Cardiothoracic Surgeon,95935
cf54c8a1,Armando,Pirandello,male,Modena,75,Doctoral Degree,Adoption Lawyer,57400
e1dcfdcb,Roberta,Tartaglia,female,Merano,26,Bachelor's Degree,Pest Control Technician,32229
9f9956e3,Erika,Gangemi,female,Aosta,72,Bachelor's Degree,Cashier,23429
7a017b8c,Rosaria,Depero,female,Venezia,88,High School,Digital Illustrator,26186
ac617f89,Pierpaolo,Cociarelli,male,Potenza ,25,High School,Hotel Sous Chef,43792
c7f14611,Natalia,Scotto,female,Rieti,79,Master's Degree,Pediatrician,115590
be43aa84,Galasso,Camiscione,male,Napoli,45,High School,Lathe Operator,30119
bc1f96a0,Virginia,Oscuro,female,Pisa,69,Bachelor's Degree,Room Attendant,44753
8295d2f9,Francesca,Soprano,female,Lecce,73,Doctoral Degree,Chemistry Teacher,36022
12ac2877,Matteo,Segrè,male,Bologna,67,Doctoral Degree,Biology Teacher,39655
f47e9f5f,Fabrizia,Bova,female,Oristano,65,Bachelor's Degree,Rock Mechanics Engineer,39733
739be90a,Nina,Agostinelli,female,Sarre,70,High School,Grinding Machine Operator,25226
87059937,Vanessa,Travia,female,Lecce,59,Doctoral Degree,Hospital Pharmacy Technician,30176
4e56f88f,Margherita,Palombi,female,Piacenza,33,High School,Electronic Composer,20514
c82837a8,Tullio,Cherubini,male,Pescara,24,High School,Portrait Photographer,39938
7f1873fb,Giacobbe,Alighieri,male,Forli-Cesena,21,High School,Restaurant Executive Chef,32081
39e36825,Lolita,Onio,female,Melfi,52,Bachelor's Degree,Continuous Improvement Manager,42944
80ba7938,Guido,Offredi,male,Udine,48,Bachelor's Degree,Server-side Developer,35495
a9003584,Alessia,Turrini,female,Forli-Cesena,59,High School,Mechanical Parts Inspector,26919
5ee02329,Elvira,Garobbio,female,Asti,38,High School,Bar Bartender,24426
99b0fbf9,Lolita,Aldobrandi,female,Foggia,20,High School,Video Game Voice Actor,27175
3edddbfb,Leopoldo,Camuccini,male,Forli-Cesena,31,High School,Musical Theater Actor,43817
b1e1bdba,Telemaco,Brunelleschi,male,Chieti,33,High School,Event Bartender,15111
14495ffa,Alderano,Bernini,male,Pavia,62,Bachelor's Degree,Vegetable Farmer,23764
a4c79b37,Sophia,Pennetta,female,Pavia,18,High School,Restaurant Sous Chef,30137
c08b4270,Giorgia,Esposito,female,Merano,24,High School,Environmental Compliance Inspector,27380
fb8d0a8b,Rosa,Crispi,female,Reggio-Emilia,56,Bachelor's Degree,Building Engineer,40022
fd18d631,Vincenza,Metella,female,Bologna,54,Master's Degree,Criminal Court Judge,99981
6285fa88,Simonetta,Gradenigo,female,Parma,69,High School,Safety Compliance Inspector,32736
7a4e1c41,Ivan,Beccheria,male,Caltanissetta,48,High School,Animation Voice Actor,44935
0c11270a,Lilla,Renault,female,Asti,52,High School,Digital Illustrator,31647
c296f857,Vincenzo,Piacentini,male,Catania,72,High School,Fine Dining Waiter,21899
f9a6eac5,Claudio,Trapani,male,Sulcis Iglesiente,65,High School,Comic Book Illustrator,36397
775a2b8f,Marissa,Paoletti,female,Pescara,45,Master's Degree,Geriatric Occupational Therapist,37422
ee356d9b,Irma,Staglieno,female,Ascoli Piceno,62,High School,Video Game Voice Actor,46736
1f58e2a0,Sandra,Rosmini,female,Pistoia,77,High School,Musical Theater Choreographer,23001
fc1e3c9c,Ludovica,Guarato,female,Gallura,65,High School,Modern Dancer,22666
d508ba70,Sergius,Ricci,male,Foggia,49,High School,Experimental Theater Actor,26771
c7b01f0b,Maura,Guarana,female,Brindisi,32,Bachelor's Degree,Concierge,39823
17e6d105,Corrado,Leoncavallo,male,Verbano-Cusio-Ossola,44,Bachelor's Degree,MERN Stack Developer,52031
3c1bc83a,Eliana,Cristoforetti,female,Chieti,67,Master's Degree,Divorce Lawyer,43033
67820d14,Bianca,Carriera,female,Nuoro,29,High School,Guitarist,25822
d2a42a47,Federica,Mazzi,female,Chatillon,86,Doctoral Degree,Environmental Judge,76759
616b6fb8,Federica,Caccioppoli,female,Ancona,44,High School,Electronic Composer,26509
42ec5158,Gianmarco,Speri,male,Macerata,82,Doctoral Degree,Physics Teacher,40779
0cef1085,Marina,Canali,female,Piacenza,45,Doctoral Degree,Geriatric Occupational Therapist,32022
09bddca7,Cecilia,Simeoni,female,Assisi,48,Doctoral Degree,Economics Teacher,39453
52ed039b,Graziano,Ubaldi,male,Milano,68,High School,Restaurant Sous Chef,44250
cc05a5e0,Antonio,Vecoli,male,Ferrara,45,Bachelor's Degree,Soil Mechanics Engineer,41806
da04024a,Gustavo,Tiepolo,male,Trento,85,High School,Fine Dining Waiter,23315
40b57ead,Mercedes,Visintini,female,Merano,63,High School,Action Movie Actor,32069
1868ae23,Amanda,Ciani,female,Torino,70,Master's Degree,Internist,91096
8a788c9f,Annunziata,Schiaparelli,female,Mantova,45,High School,Grinding Machine Operator,27786
ce0efca9,Gioffre,Gullotta,male,Perugia,60,Doctoral Degree,Family Magistrate,52001
bcfce344,Fausto,Condoleo,male,Varese,65,Doctoral Degree,Research Laboratory Technician,30867
7f1ab1e7,Giada,Gulotta,female,Gubbio,50,High School,Portrait Photographer,20031
c5cd527c,Ranieri,Alonzi,male,Latina,87,Master's Degree,Cardiothoracic Surgeon,110559
d8d9c52f,Maurilio,Passalacqua,male,Assisi,56,Doctoral Degree,Art Teacher,43031
04018d1a,Giovanna,Brambilla,female,Brescia,20,High School,Abstract Painter,34533
d7c63d9a,Tonia,Zamengo,female,Novara,61,Master's Degree,Orthopedic Surgeon,78657
d52e318a,Graziano,Saraceno,male,Assisi,50,Bachelor's Degree,Robotics Engineer,43480
